1	1:1	Beátus vir, qui non ábiit in consílio impiórum, † et in via peccatórum non stetit, * et in cáthedra pestiléntiæ non sedit:	Bem-aventurado o homem que não andou no conselho dos ímpios, † e no caminho dos pecadores não se deteve, * e na cadeira da pestilência não se sentou:
1	1:2	Sed in lege Dómini volúntas ejus, * et in lege ejus meditábitur die ac nocte.	Mas a sua vontade está na lei do Senhor, * e na sua lei meditará dia e noite.
1	1:3a	Et erit tamquam lignum, quod plantátum est secus decúrsus aquárum, * quod fructum suum dabit in témpore suo:	E será como a árvore que foi plantada junto aos cursos de água, * que dará o seu fruto no seu tempo:
1	1:3b	Et fólium ejus non défluet: * et ómnia quæcúmque fáciet, prosperabúntur.	E a sua folha não cairá: * e todas as coisas que fizer prosperarão.
1	1:4	Non sic ímpii, non sic: * sed tamquam pulvis, quem próicit ventus a fácie terræ.	Não assim os ímpios, não assim: * mas como o pó que o vento lança da face da terra.
1	1:5	Ídeo non resúrgent ímpii in judício: * neque peccatóres in concílio justórum.	Por isso os ímpios não ressurgirão no juízo: * nem os pecadores na assembleia dos justos.
1	1:6	Quóniam novit Dóminus viam justórum: * et iter impiórum períbit.	Porque o Senhor conhece o caminho dos justos: * e o caminho dos ímpios perecerá.
2	2:1	Quare fremuérunt gentes: * et pópuli meditáti sunt inánia?	Por que bramiram as nações: * e os povos meditaram coisas vãs?
2	2:2	Astitérunt reges terræ, et príncipes convenérunt in unum * advérsus Dóminum, et advérsus Christum ejus.	Ergueram-se os reis da terra, e os príncipes se reuniram juntos * contra o Senhor, e contra o seu Cristo.
2	2:3	Dirumpámus víncula eórum: * et proiciámus a nobis jugum ipsórum.	Rompamos as cadeias deles: * e lancemos para longe de nós o seu jugo.
2	2:4	Qui hábitat in cælis, irridébit eos: * et Dóminus subsannábit eos.	Aquele que habita nos céus rirá deles: * e o Senhor zombará deles.
2	2:5	Tunc loquétur ad eos in ira sua, * et in furóre suo conturbábit eos.	Então lhes falará na sua ira, * e no seu furor os perturbará.
2	2:6	Ego autem constitútus sum Rex ab eo super Sion montem sanctum ejus, * prǽdicans præcéptum ejus.	Eu, porém, fui estabelecido Rei por ele sobre Sião, o seu monte santo, * proclamando o seu decreto.
2	2:7	Dóminus dixit ad me: * Fílius meus es tu, ego hódie génui te.	O Senhor me disse: * Tu és meu Filho, eu hoje te gerei.
2	2:8	Póstula a me, et dabo tibi gentes hereditátem tuam, * et possessiónem tuam términos terræ.	Pede-me, e eu te darei as nações como tua herança, * e os limites da terra como tua posse.
2	2:9	Reges eos in virga férrea, * et tamquam vas fíguli confrínges eos.	Tu os regerás com vara de ferro, * e como vaso de oleiro os quebrarás.
2	2:10	Et nunc, reges, intellégite: * erudímini, qui judicátis terram.	E agora, reis, entendei: * deixai-vos instruir, vós que julgais a terra.
2	2:11	Servíte Dómino in timóre: * et exsultáte ei cum tremóre.	Sede servos do Senhor no temor: * e exultai para ele com tremor.
2	2:12	Apprehéndite disciplínam, nequándo irascátur Dóminus, * et pereátis de via justa.	Abraçai a disciplina, para que o Senhor não se ire, * e não pereçais fora do caminho justo.
2	2:13	Cum exárserit in brevi ira ejus: * beáti omnes qui confídunt in eo.	Quando em breve se inflamar a sua ira: * bem-aventurados todos os que confiam nele.
3	3:2	Dómine, quid multiplicáti sunt qui tríbulant me? * multi insúrgunt advérsum me.	Senhor, por que se multiplicaram os que me atribulam? * muitos se levantam contra mim.
3	3:3	Multi dicunt ánimæ meæ: * Non est salus ipsi in Deo ejus.	Muitos dizem à minha alma: * Não há salvação para ele no seu Deus.
3	3:4	Tu autem, Dómine, suscéptor meus es, * glória mea, et exáltans caput meum.	Vós, porém, Senhor, sois o meu amparo, * a minha glória, e quem exalta a minha cabeça.
3	3:5	Voce mea ad Dóminum clamávi: * et exaudívit me de monte sancto suo.	Com a minha voz clamei ao Senhor: * e ele me escutou do seu monte santo.
3	3:6	Ego dormívi, et soporátus sum: * et exsurréxi, quia Dóminus suscépit me.	Eu dormi, e fui tomado pelo sono: * e me levantei, porque o Senhor me amparou.
3	3:7	Non timébo míllia pópuli circumdántis me: * exsúrge, Dómine, salvum me fac, Deus meus.	Não temerei o povo que me cerca aos milhares: * levantai-vos, Senhor, salvai-me, meu Deus.
3	3:8	Quóniam tu percussísti omnes adversántes mihi sine causa: * dentes peccatórum contrivísti.	Porque vós feristes todos os que se opõem a mim sem causa: * quebrastes os dentes dos pecadores.
3	3:9	Dómini est salus: * et super pópulum tuum benedíctio tua.	Do Senhor é a salvação: * e sobre o vosso povo a vossa bênção.
4	4:2a	Cum invocárem exaudívit me Deus justítiæ meæ: * in tribulatióne dilatásti mihi.	Quando invoquei, escutou-me o Deus da minha justiça: * na tribulação me abristes espaço.
4	4:2b	Miserére mei, * et exáudi oratiónem meam.	Tende piedade de mim, * e escutai a minha oração.
4	4:3	Fílii hóminum, úsquequo gravi corde? * ut quid dilígitis vanitátem, et quǽritis mendácium?	Filhos dos homens, até quando tereis o coração pesado? * por que amais a vaidade, e buscais a mentira?
4	4:4	Et scitóte quóniam mirificávit Dóminus sanctum suum: * Dóminus exáudiet me cum clamávero ad eum.	E sabei que o Senhor fez maravilhoso o seu santo: * o Senhor me escutará quando eu clamar a ele.
4	4:5	Irascímini, et nolíte peccáre: ‡ quæ dícitis in córdibus vestris, * in cubílibus vestris compungímini.	Irai-vos, e não pequeis: ‡ do que dizeis nos vossos corações, * nos vossos leitos compungi-vos.
4	4:6	Sacrificáte sacrifícium justítiæ, † et speráte in Dómino. * Multi dicunt: Quis osténdit nobis bona?	Sacrificai um sacrifício de justiça, † e esperai no Senhor. * Muitos dizem: Quem nos mostra os bens?
4	4:7	Signátum est super nos lumen vultus tui, Dómine: * dedísti lætítiam in corde meo.	A luz do vosso rosto está marcada sobre nós, Senhor: * destes alegria no meu coração.
4	4:8	A fructu fruménti, vini, et ólei sui * multiplicáti sunt.	Pelo fruto do seu trigo, vinho e azeite * eles se multiplicaram.
4	4:9	In pace in idípsum * dórmiam, et requiéscam;	Em paz, a um só tempo, * dormirei e repousarei;
4	4:10	Quóniam tu, Dómine, singuláriter in spe * constituísti me.	Porque vós, Senhor, a sós na esperança * me estabelecestes.
5	5:2	Verba mea áuribus pércipe, Dómine, * intéllege clamórem meum.	Dai ouvidos, Senhor, às minhas palavras, * entendei o meu clamor.
5	5:3	Inténde voci oratiónis meæ, * Rex meus et Deus meus.	Atendei à voz da minha oração, * meu Rei e meu Deus.
5	5:4	Quóniam ad te orábo: * Dómine, mane exáudies vocem meam.	Porque a vós orarei: * Senhor, de manhã escutareis a minha voz.
5	5:5	Mane astábo tibi et vidébo: * quóniam non Deus volens iniquitátem tu es.	De manhã me porei diante de vós e verei: * porque vós não sois um Deus que queira a iniquidade.
5	5:6	Neque habitábit juxta te malígnus: * neque permanébunt injústi ante óculos tuos.	Nem o malvado habitará junto de vós: * nem os injustos permanecerão diante dos vossos olhos.
5	5:7a	Odísti omnes, qui operántur iniquitátem: * perdes omnes, qui loquúntur mendácium.	Odiais todos os que praticam a iniquidade: * fareis perecer todos os que falam mentira.
5	5:7b	Virum sánguinum et dolósum abominábitur Dóminus: * (8a) ego autem in multitúdine misericórdiæ tuæ.	O Senhor abominará o homem de sangue e enganador: * mas eu, na multidão da vossa misericórdia.
5	5:8b	Introíbo in domum tuam: * adorábo ad templum sanctum tuum in timóre tuo.	Entrarei na vossa casa: * no vosso temor adorarei voltado para o vosso templo santo.
5	5:9	Dómine, deduc me in justítia tua: * propter inimícos meos dírige in conspéctu tuo viam meam.	Senhor, guiai-me na vossa justiça: * por causa dos meus inimigos endireitai o meu caminho à vossa vista.
5	5:10	Quóniam non est in ore eórum véritas: * cor eórum vanum est.	Porque não há verdade na boca deles: * o seu coração é vão.
5	5:11a	Sepúlcrum patens est guttur eórum, † linguis suis dolóse agébant, * júdica illos, Deus.	A sua garganta é um sepulcro aberto, † com as suas línguas enganavam, * julgai-os, Deus.
5	5:11b	Décidant a cogitatiónibus suis, † secúndum multitúdinem impietátum eórum expélle eos, * quóniam irritavérunt te, Dómine.	Caiam dos seus próprios pensamentos, † segundo a multidão das suas impiedades expulsai-os, * porque vos provocaram, Senhor.
5	5:12a	Et læténtur omnes, qui sperant in te, * in ætérnum exsultábunt: et habitábis in eis.	E alegrem-se todos os que esperam em vós, * exultarão eternamente: e habitareis neles.
5	5:12b	Et gloriabúntur in te omnes, qui díligunt nomen tuum, * (13a) quóniam tu benedíces justo.	E em vós se gloriarão todos os que amam o vosso nome, * porque vós bendireis ao justo.
5	5:13b	Dómine, ut scuto bonæ voluntátis tuæ * coronásti nos.	Senhor, com a vossa boa vontade como escudo * nos coroastes.
6	6:2	Dómine, ne in furóre tuo árguas me, * neque in ira tua corrípias me.	Senhor, não me repreendais no vosso furor, * nem me castigueis na vossa ira.
6	6:3	Miserére mei, Dómine, quóniam infírmus sum: * sana me, Dómine, quóniam conturbáta sunt ossa mea.	Tende piedade de mim, Senhor, porque estou enfermo: * curai-me, Senhor, porque os meus ossos estão perturbados.
6	6:4	Et ánima mea turbáta est valde: * sed tu, Dómine, úsquequo?	E a minha alma está muito perturbada: * mas vós, Senhor, até quando?
6	6:5	Convértere, Dómine, et éripe ánimam meam: * salvum me fac propter misericórdiam tuam.	Voltai-vos, Senhor, e libertai a minha alma: * salvai-me por causa da vossa misericórdia.
6	6:6	Quóniam non est in morte qui memor sit tui: * in inférno autem quis confitébitur tibi?	Porque na morte não há quem se lembre de vós: * no inferno, porém, quem vos dará graças?
6	6:7	Laborávi in gémitu meo, † lavábo per síngulas noctes lectum meum: * lácrimis meis stratum meum rigábo.	Cansei-me gemendo, † lavarei todas as noites o meu leito: * com as minhas lágrimas regarei a minha cama.
6	6:8	Turbátus est a furóre óculus meus: * inveterávi inter omnes inimícos meos.	O meu olho está perturbado pelo furor: * envelheci entre todos os meus inimigos.
6	6:9	Discédite a me, omnes, qui operámini iniquitátem: * quóniam exaudívit Dóminus vocem fletus mei.	Afastai-vos de mim, todos vós que praticais a iniquidade: * porque o Senhor escutou a voz do meu pranto.
6	6:10	Exaudívit Dóminus deprecatiónem meam, * Dóminus oratiónem meam suscépit.	O Senhor escutou a minha prece, * o Senhor acolheu a minha oração.
6	6:11	Erubéscant, et conturbéntur veheménter omnes inimíci mei: * convertántur et erubéscant valde velóciter.	Que todos os meus inimigos corem e fiquem muito perturbados: * que se voltem e corem muito depressa.
7	7:2	Dómine, Deus meus, in te sperávi: * salvum me fac ex ómnibus persequéntibus me, et líbera me.	Senhor, meu Deus, em vós esperei: * salvai-me de todos os que me perseguem, e livrai-me.
7	7:3	Nequándo rápiat ut leo ánimam meam, * dum non est qui rédimat, neque qui salvum fáciat.	Para que não arrebate a minha alma como um leão, * enquanto não há quem resgate, nem quem salve.
7	7:4	Dómine, Deus meus, si feci istud, * si est iníquitas in mánibus meis:	Senhor, meu Deus, se fiz isto, * se há iniquidade nas minhas mãos:
7	7:5	Si réddidi retribuéntibus mihi mala, * décidam mérito ab inimícis meis inánis.	Se paguei aos que me retribuíam males, * caia eu vazio, com razão, diante dos meus inimigos.
7	7:6	Persequátur inimícus ánimam meam, † et comprehéndat, et concúlcet in terra vitam meam, * et glóriam meam in púlverem dedúcat.	Persiga o inimigo a minha alma, † e a prenda, e pise aos pés na terra a minha vida, * e faça descer ao pó a minha glória.
7	7:7a	Exsúrge, Dómine, in ira tua: * et exaltáre in fínibus inimicórum meórum.	Levantai-vos, Senhor, na vossa ira: * e exaltai-vos nos confins dos meus inimigos.
7	7:7b	Et exsúrge, Dómine, Deus meus, in præcépto quod mandásti: * (8a) et synagóga populórum circúmdabit te.	E levantai-vos, Senhor, meu Deus, no decreto que mandastes: * e a congregação dos povos vos cercará.
7	7:8b	Et propter hanc in altum regrédere: * (9a) Dóminus júdicat pópulos.	E por causa dela regressai ao alto: * o Senhor julga os povos.
7	7:9b	Júdica me, Dómine, secúndum justítiam meam, * et secúndum innocéntiam meam super me.	Julgai-me, Senhor, segundo a minha justiça, * e segundo a minha inocência sobre mim.
7	7:10	Consumétur nequítia peccatórum, et díriges justum, * scrutans corda et renes, Deus.	Será consumida a maldade dos pecadores, e dirigireis o justo, * Deus, vós que sondais os corações e os rins.
7	7:11	Justum adjutórium meum a Dómino, * qui salvos facit rectos corde.	Justo é o meu auxílio vindo do Senhor, * que salva os retos de coração.
7	7:12	Deus judex justus, fortis, et pátiens: * numquid iráscitur per síngulos dies?	Deus é juiz justo, forte e paciente: * acaso se ira todos os dias?
7	7:13	Nisi convérsi fuéritis, gládium suum vibrábit: * arcum suum teténdit, et parávit illum.	Se não vos converterdes, ele brandirá a sua espada: * armou o seu arco, e o preparou.
7	7:14	Et in eo parávit vasa mortis: * sagíttas suas ardéntibus effécit.	E nele preparou instrumentos de morte: * fez as suas setas para os que ardem.
7	7:15	Ecce, partúriit injustítiam: * concépit dolórem, et péperit iniquitátem.	Eis que sentiu as dores de parto da injustiça: * concebeu a dor, e deu à luz a iniquidade.
7	7:16	Lacum apéruit, et effódit eum: * et íncidit in fóveam quam fecit.	Abriu uma cova, e a cavou: * e caiu no fosso que fez.
7	7:17	Convertétur dolor ejus in caput ejus: * et in vérticem ipsíus iníquitas ejus descéndet.	A sua dor se voltará sobre a sua cabeça: * e sobre o alto da sua cabeça descerá a sua iniquidade.
7	7:18	Confitébor Dómino secúndum justítiam ejus: * et psallam nómini Dómini altíssimi.	Darei graças ao Senhor segundo a sua justiça: * e entoarei salmos ao nome do altíssimo Senhor.
8	8:2a	Dómine, Dóminus noster, * quam admirábile est nomen tuum in univérsa terra!	Senhor, nosso Senhor, * como é admirável o vosso nome em toda a terra!
8	8:2b	Quóniam eleváta est magnificéntia tua, * super cælos.	Porque se elevou a vossa magnificência * sobre os céus.
8	8:3	Ex ore infántium et lacténtium perfecísti laudem propter inimícos tuos, * ut déstruas inimícum et ultórem.	Da boca das crianças e dos que mamam aperfeiçoastes o louvor por causa dos vossos inimigos, * para destruirdes o inimigo e o vingador.
8	8:4	Quóniam vidébo cælos tuos, ópera digitórum tuórum: * lunam et stellas, quæ tu fundásti.	Porque verei os vossos céus, obras dos vossos dedos: * a lua e as estrelas, que vós fundastes.
8	8:5	Quid est homo quod memor es ejus? * aut fílius hóminis, quóniam vísitas eum?	Que é o homem, para que vos lembreis dele? * ou o filho do homem, para que o visiteis?
8	8:6	Minuísti eum paulo minus ab Ángelis, † glória et honóre coronásti eum: * (7) et constituísti eum super ópera mánuum tuárum.	Vós o fizestes um pouco menor que os anjos, † de glória e de honra o coroastes: * e o estabelecestes sobre as obras das vossas mãos.
8	8:8	Ómnia subjecísti sub pédibus ejus, * oves et boves univérsas: ínsuper et pécora campi.	Tudo sujeitastes debaixo dos seus pés, * todas as ovelhas e os bois: e ainda os animais do campo.
8	8:9	Vólucres cæli, et pisces maris, * qui perámbulant sémitas maris.	As aves do céu, e os peixes do mar, * que percorrem as veredas do mar.
8	8:10	Dómine, Dóminus noster, * quam admirábile est nomen tuum in univérsa terra!	Senhor, nosso Senhor, * como é admirável o vosso nome em toda a terra!
9	9:2	Confitébor tibi, Dómine, in toto corde meo: * narrábo ómnia mirabília tua.	Eu vos darei graças, Senhor, de todo o meu coração: * narrarei todas as vossas maravilhas.
9	9:3	Lætábor et exsultábo in te: * psallam nómini tuo, Altíssime.	Eu me alegrarei e exultarei em vós: * Altíssimo, entoarei salmos ao vosso nome.
9	9:4	In converténdo inimícum meum retrórsum: * infirmabúntur, et períbunt a fácie tua.	Ao fazer voltar para trás o meu inimigo: * serão enfraquecidos, e perecerão diante da vossa face.
9	9:5	Quóniam fecísti judícium meum et causam meam: * sedísti super thronum, qui júdicas justítiam.	Porque fizestes valer o meu juízo e a minha causa: * sentastes-vos sobre o trono, vós que julgais a justiça.
9	9:6	Increpásti gentes, et périit ímpius: * nomen eórum delésti in ætérnum, et in sǽculum sǽculi.	Repreendestes as nações, e pereceu o ímpio: * apagastes o nome deles para sempre, e pelos séculos dos séculos.
9	9:7a	Inimíci defecérunt frámeæ in finem: * et civitátes eórum destruxísti.	As espadas do inimigo desfaleceram para sempre: * e destruístes as cidades deles.
9	9:7b	Périit memória eórum cum sónitu: * (8a) et Dóminus in ætérnum pérmanet.	Pereceu a memória deles com estrondo: * e o Senhor permanece para sempre.
9	9:8b	Parávit in judício thronum suum: * (9) et ipse judicábit orbem terræ in æquitáte, judicábit pópulos in justítia.	Preparou o seu trono em juízo: * e ele mesmo julgará o mundo com equidade, julgará os povos com justiça.
9	9:10	Et factus est Dóminus refúgium páuperi: * adjútor in opportunitátibus, in tribulatióne.	E o Senhor se fez refúgio para o pobre: * auxílio nas horas oportunas, na tribulação.
9	9:11	Et sperent in te qui novérunt nomen tuum: * quóniam non dereliquísti quæréntes te, Dómine.	E esperem em vós os que conhecem o vosso nome: * porque não abandonastes os que vos buscam, Senhor.
9	9:12	Psállite Dómino, qui hábitat in Sion: * annuntiáte inter gentes stúdia ejus:	Entoai salmos ao Senhor, que habita em Sião: * anunciai entre as nações os seus feitos:
9	9:13	Quóniam requírens sánguinem eórum recordátus est: * non est oblítus clamórem páuperum.	Porque, ao pedir contas do sangue deles, ele se lembrou: * não esqueceu o clamor dos pobres.
9	9:14	Miserére mei, Dómine: * vide humilitátem meam de inimícis meis.	Tende piedade de mim, Senhor: * vede a minha humilhação que me vem dos meus inimigos.
9	9:15	Qui exáltas me de portis mortis, * ut annúntiem omnes laudatiónes tuas in portis fíliæ Sion.	Vós que me exaltais das portas da morte, * para que eu anuncie todos os vossos louvores nas portas da filha de Sião.
9	9:16a	Exsultábo in salutári tuo: * infíxæ sunt gentes in intéritu, quem fecérunt.	Exultarei na vossa salvação: * as nações ficaram cravadas na destruição que fizeram.
9	9:16b	In láqueo isto, quem abscondérunt, * comprehénsus est pes eórum.	Neste laço que esconderam, * ficou preso o pé deles.
9	9:17	Cognoscétur Dóminus judícia fáciens: * in opéribus mánuum suárum comprehénsus est peccátor.	O Senhor será conhecido ao executar juízos: * o pecador ficou preso nas obras das suas mãos.
9	9:18	Convertántur peccatóres in inférnum, * omnes gentes quæ obliviscúntur Deum.	Voltem os pecadores para o inferno, * todas as nações que esquecem a Deus.
9	9:19	Quóniam non in finem oblívio erit páuperis: * patiéntia páuperum non períbit in finem.	Porque o esquecimento do pobre não será para sempre: * a paciência dos pobres não perecerá para sempre.
9	9:20	Exsúrge, Dómine, non confortétur homo: * judicéntur gentes in conspéctu tuo.	Levantai-vos, Senhor, não se fortaleça o homem: * sejam julgadas as nações à vossa vista.
9	9:21	Constítue, Dómine, legislatórem super eos: * ut sciant gentes quóniam hómines sunt.	Estabelecei, Senhor, um legislador sobre eles: * para que as nações saibam que são homens.
9	9:22	Ut quid, Dómine, recessísti longe, * déspicis in opportunitátibus, in tribulatióne?	Por que, Senhor, vos retirastes para longe, * desdenhais nas horas oportunas, na tribulação?
9	9:23	Dum supérbit ímpius, incénditur pauper: * comprehendúntur in consíliis quibus cógitant.	Enquanto o ímpio se enche de soberba, o pobre é abrasado: * ficam presos nos conselhos em que pensam.
9	9:24	Quóniam laudátur peccátor in desidériis ánimæ suæ: * et iníquus benedícitur.	Porque o pecador é louvado nos desejos da sua alma: * e o iníquo é bendito.
9	9:25	Exacerbávit Dóminum peccátor, * secúndum multitúdinem iræ suæ non quæret.	O pecador provocou o Senhor, * segundo a multidão da sua ira não buscará.
9	9:26a	Non est Deus in conspéctu ejus: * inquinátæ sunt viæ illíus in omni témpore.	Não há Deus à vista dele: * os caminhos dele estão manchados em todo o tempo.
9	9:26b	Auferúntur judícia tua a fácie ejus: * ómnium inimicórum suórum dominábitur.	Os vossos juízos são tirados da face dele: * dominará todos os seus inimigos.
9	9:27	Dixit enim in corde suo: * Non movébor a generatióne in generatiónem sine malo.	Pois disse no seu coração: * Não serei abalado de geração em geração, sem mal.
9	9:28	Cujus maledictióne os plenum est, et amaritúdine, et dolo: * sub lingua ejus labor et dolor.	A sua boca está cheia de maldição, e de amargura, e de engano: * debaixo da sua língua, fadiga e dor.
9	9:29	Sedet in insídiis cum divítibus in occúltis: * ut interfíciat innocéntem.	Senta-se de emboscada com os ricos em lugares ocultos: * para matar o inocente.
9	9:30a	Óculi ejus in páuperem respíciunt: * insidiátur in abscóndito, quasi leo in spelúnca sua.	Os seus olhos estão voltados para o pobre: * arma emboscada às escondidas, como leão no seu covil.
9	9:30b	Insidiátur ut rápiat páuperem: * rápere páuperem, dum áttrahit eum.	Arma emboscada para arrebatar o pobre: * arrebatar o pobre, enquanto o atrai.
9	9:31	In láqueo suo humiliábit eum: * inclinábit se, et cadet, cum dominátus fúerit páuperum.	No seu laço o humilhará: * ele se inclinará, e cairá, quando tiver dominado os pobres.
9	9:32	Dixit enim in corde suo: Oblítus est Deus, * avértit fáciem suam ne vídeat in finem.	Pois disse no seu coração: Deus se esqueceu, * desviou a sua face para nunca mais ver.
9	9:33	Exsúrge, Dómine Deus, exaltétur manus tua: * ne obliviscáris páuperum.	Levantai-vos, Senhor Deus, exalte-se a vossa mão: * não esqueçais os pobres.
9	9:34	Propter quid irritávit ímpius Deum? * dixit enim in corde suo: Non requíret.	Por que razão o ímpio provocou a Deus? * pois disse no seu coração: Não pedirá contas.
9	9:35a	Vides quóniam tu labórem et dolórem consíderas: * ut tradas eos in manus tuas.	Vedes, pois vós considerais a fadiga e a dor: * para os entregardes nas vossas mãos.
9	9:35b	Tibi derelíctus est pauper: * órphano tu eris adjútor.	A vós foi abandonado o pobre: * vós sereis auxílio para o órfão.
9	9:36	Cóntere brácchium peccatóris et malígni: * quærétur peccátum illíus, et non inveniétur.	Quebrai o braço do pecador e do malvado: * o pecado dele será buscado, e não se encontrará.
9	9:37	Dóminus regnábit in ætérnum, et in sǽculum sǽculi: * períbitis, gentes, de terra illíus.	O Senhor reinará para sempre, e pelos séculos dos séculos: * perecereis da terra dele, nações.
9	9:38	Desidérium páuperum exaudívit Dóminus: * præparatiónem cordis eórum audívit auris tua.	O Senhor escutou o desejo dos pobres: * o vosso ouvido ouviu o preparo do coração deles.
9	9:39	Judicáre pupíllo et húmili, * ut non appónat ultra magnificáre se homo super terram.	Para julgar em favor do órfão e do humilde, * para que o homem não torne mais a se engrandecer sobre a terra.
10	10:2	In Dómino confído: † quómodo dícitis ánimæ meæ: * Tránsmigra in montem sicut passer?	No Senhor confio: † como dizeis vós à minha alma: * Muda-te para o monte como um pardal?
10	10:3	Quóniam ecce peccatóres intendérunt arcum, † paravérunt sagíttas suas in pháretra, * ut sagíttent in obscúro rectos corde.	Porque eis que os pecadores armaram o arco, † prepararam as suas setas na aljava, * para flecharem no escuro os retos de coração.
10	10:4	Quóniam quæ perfecísti, destruxérunt: * justus autem quid fecit?	Porque destruíram o que aperfeiçoastes: * mas que fez o justo?
10	10:5a	Dóminus in templo sancto suo, * Dóminus in cælo sedes ejus.	O Senhor está no seu templo santo, * o Senhor tem no céu o seu trono.
10	10:5b	Óculi ejus in páuperem respíciunt: * pálpebræ ejus intérrogant fílios hóminum.	Os seus olhos estão voltados para o pobre: * as suas pálpebras interrogam os filhos dos homens.
10	10:6	Dóminus intérrogat justum et ímpium: * qui autem díligit iniquitátem, odit ánimam suam.	O Senhor interroga o justo e o ímpio: * mas quem ama a iniquidade odeia a sua alma.
10	10:7	Pluet super peccatóres láqueos: * ignis, et sulphur, et spíritus procellárum pars cálicis eórum.	Fará chover laços sobre os pecadores: * fogo e enxofre e vento de tempestades são a parte do cálice deles.
10	10:8	Quóniam justus Dóminus, et justítias diléxit: * æquitátem vidit vultus ejus.	Porque o Senhor é justo, e amou as justiças: * o seu rosto viu a equidade.
11	11:2	Salvum me fac, Dómine, quóniam defécit sanctus: * quóniam diminútæ sunt veritátes a fíliis hóminum.	Salvai-me, Senhor, porque já não há santo: * porque diminuíram as verdades entre os filhos dos homens.
11	11:3	Vana locúti sunt unusquísque ad próximum suum: * lábia dolósa, in corde et corde locúti sunt.	Cada um falou ao seu próximo coisas vãs: * com lábios enganadores, falaram com um coração e outro coração.
11	11:4	Dispérdat Dóminus univérsa lábia dolósa, * et linguam magníloquam.	Extermine o Senhor todos os lábios enganadores, * e a língua que fala grandezas.
11	11:5	Qui dixérunt: Linguam nostram magnificábimus, † lábia nostra a nobis sunt, * quis noster Dóminus est?	Os que disseram: Engrandeceremos a nossa língua, † os nossos lábios são nossos, * quem é o nosso senhor?
11	11:6a	Propter misériam ínopum, et gémitum páuperum, * nunc exsúrgam, dicit Dóminus.	Por causa da miséria dos indigentes, e do gemido dos pobres, * agora me levantarei, diz o Senhor.
11	11:6b	Ponam in salutári: * fiduciáliter agam in eo.	Porei na salvação: * nele agirei com confiança.
11	11:7	Elóquia Dómini, elóquia casta: * argéntum igne examinátum, probátum terræ purgátum séptuplum.	As palavras do Senhor são palavras puras: * prata examinada no fogo, provada, purificada da terra sete vezes.
11	11:8	Tu, Dómine, servábis nos: et custódies nos * a generatióne hac in ætérnum.	Vós, Senhor, nos conservareis: e nos guardareis * desta geração para sempre.
11	11:9	In circúitu ímpii ámbulant: * secúndum altitúdinem tuam multiplicásti fílios hóminum.	Os ímpios andam ao redor: * segundo a vossa altura multiplicastes os filhos dos homens.
12	12:1	Úsquequo, Dómine, obliviscéris me in finem? * Úsquequo avértis fáciem tuam a me?	Até quando, Senhor, me esquecereis para sempre? * Até quando desviais de mim a vossa face?
12	12:2	Quámdiu ponam consília in ánima mea, * dolórem in corde meo per diem?	Até quando hei de pôr conselhos na minha alma, * e dor no meu coração durante o dia?
12	12:3	Úsquequo exaltábitur inimícus meus super me? * (4a) réspice, et exáudi me, Dómine, Deus meus.	Até quando o meu inimigo se exaltará sobre mim? * olhai, e escutai-me, Senhor, meu Deus.
12	12:4b	Illúmina óculos meos ne umquam obdórmiam in morte: * (5a) nequándo dicat inimícus meus: Præválui advérsus eum.	Iluminai os meus olhos, para que eu nunca adormeça na morte: * para que não diga o meu inimigo: Prevaleci contra ele.
12	12:5b	Qui tríbulant me, exsultábunt si motus fúero: * (6a) ego autem in misericórdia tua sperávi.	Os que me atribulam exultarão, se eu for abalado: * mas eu esperei na vossa misericórdia.
12	12:6b	Exsultábit cor meum in salutári tuo: † cantábo Dómino qui bona tríbuit mihi: * et psallam nómini Dómini altíssimi.	O meu coração exultará na vossa salvação: † cantarei ao Senhor, que me deu coisas boas: * e entoarei salmos ao nome do altíssimo Senhor.
13	13:1a	Dixit insípiens in corde suo: * non est Deus.	Disse o insensato no seu coração: * Não há Deus.
13	13:1b	Corrúpti sunt, et abominábiles facti sunt in stúdiis suis: * non est qui fáciat bonum, non est usque ad unum.	Corromperam-se, e tornaram-se abomináveis nos seus feitos: * não há quem faça o bem, não há nem sequer um.
13	13:2	Dóminus de cælo prospéxit super fílios hóminum, * ut vídeat si est intéllegens, aut requírens Deum.	O Senhor olhou do céu para os filhos dos homens, * para ver se há quem entenda, ou quem procure a Deus.
13	13:3a	Omnes declinavérunt, simul inútiles facti sunt: * non est qui fáciat bonum, non est usque ad unum.	Todos se desviaram, juntos se tornaram inúteis: * não há quem faça o bem, não há nem sequer um.
13	13:3b	Sepúlcrum patens est guttur eórum: † linguis suis dolóse agébant * venénum áspidum sub lábiis eórum.	A sua garganta é um sepulcro aberto, † com as suas línguas enganavam, * veneno de áspides debaixo dos seus lábios.
13	13:3c	Quorum os maledictióne et amaritúdine plenum est: * velóces pedes eórum ad effundéndum sánguinem.	A sua boca está cheia de maldição e de amargura: * os seus pés são velozes para derramar sangue.
13	13:3d	Contrítio et infelícitas in viis eórum, † et viam pacis non cognovérunt: * non est timor Dei ante óculos eórum.	Ruína e infelicidade nos seus caminhos, † e não conheceram o caminho da paz: * não há temor de Deus diante dos seus olhos.
13	13:4	Nonne cognóscent omnes qui operántur iniquitátem, * qui dévorant plebem meam sicut escam panis?	Não hão de saber todos os que praticam a iniquidade, * os que devoram o meu povo como quem come pão?
13	13:5	Dóminum non invocavérunt, * illic trepidavérunt timóre, ubi non erat timor.	Ao Senhor não invocaram, * ali tremeram de temor, onde não havia temor.
13	13:6	Quóniam Dóminus in generatióne justa est, † consílium ínopis confudístis: * quóniam Dóminus spes ejus est.	Porque o Senhor está na geração justa, † vós envergonhastes o conselho do indigente: * porque o Senhor é a sua esperança.
13	13:7	Quis dabit ex Sion salutáre Israël? * cum avérterit Dóminus captivitátem plebis suæ, exsultábit Jacob, et lætábitur Israël.	Quem dará de Sião a salvação de Israel? * quando o Senhor afastar o cativeiro do seu povo, Jacó exultará, e Israel se alegrará.
14	14:1	Dómine, quis habitábit in tabernáculo tuo? * aut quis requiéscet in monte sancto tuo?	Senhor, quem habitará na vossa tenda? * ou quem repousará no vosso monte santo?
14	14:2	Qui ingréditur sine mácula, * et operátur justítiam:	Aquele que anda sem mancha, * e pratica a justiça:
14	14:3a	Qui lóquitur veritátem in corde suo, * qui non egit dolum in lingua sua:	Aquele que fala a verdade no seu coração, * que não usou de engano com a sua língua:
14	14:3b	Nec fecit próximo suo malum, * et oppróbrium non accépit advérsus próximos suos.	nem fez ao seu próximo o mal, * e contra os seus próximos não aceitou afronta.
14	14:4a	Ad níhilum dedúctus est in conspéctu ejus malígnus: * timéntes autem Dóminum gloríficat:	À vista dele, o malvado foi reduzido a nada: * mas glorifica os que temem o Senhor:
14	14:4b	Qui jurat próximo suo, et non décipit, * (5a) qui pecúniam suam non dedit ad usúram, et múnera super innocéntem non accépit.	Aquele que jura ao seu próximo, e não engana, * que não deu o seu dinheiro à usura, nem aceitou dádivas contra o inocente.
14	14:5b	Qui facit hæc: * non movébitur in ætérnum.	Aquele que faz estas coisas: * para sempre não será abalado.
15	15:1	Consérva me, Dómine, quóniam sperávi in te. ‡ (2) Dixi Dómino: Deus meus es tu, * quóniam bonórum meórum non eges.	Conservai-me, Senhor, porque em vós esperei. ‡ Eu disse ao Senhor: Vós sois o meu Deus, * porque não precisais dos meus bens.
15	15:3	Sanctis, qui sunt in terra ejus, * mirificávit omnes voluntátes meas in eis.	Aos santos que estão na sua terra, * fez maravilhosas todas as minhas vontades neles.
15	15:4a	Multiplicátæ sunt infirmitátes eórum: * póstea acceleravérunt.	Multiplicaram-se as enfermidades deles: * depois se apressaram.
15	15:4b	Non congregábo conventícula eórum de sanguínibus, * nec memor ero nóminum eórum per lábia mea.	Não congregarei os seus ajuntamentos de sangue, * nem com os meus lábios me lembrarei dos seus nomes.
15	15:5	Dóminus pars hereditátis meæ, et cálicis mei: * tu es, qui restítues hereditátem meam mihi.	O Senhor é a parte da minha herança e do meu cálice: * sois vós que me restituireis a minha herança.
15	15:6	Funes cecidérunt mihi in præcláris: * étenim heréditas mea præclára est mihi.	As cordas me caíram em lugares excelentes: * pois a minha herança é excelente para mim.
15	15:7	Benedícam Dóminum, qui tríbuit mihi intelléctum: * ínsuper et usque ad noctem increpuérunt me renes mei.	Bendirei o Senhor, que me deu entendimento: * e ainda até a noite os meus rins me repreenderam.
15	15:8	Providébam Dóminum in conspéctu meo semper: * quóniam a dextris est mihi, ne commóvear.	Eu via o Senhor sempre à minha vista: * porque está à minha direita, para eu não ser abalado.
15	15:9	Propter hoc lætátum est cor meum, et exsultávit lingua mea: * ínsuper et caro mea requiéscet in spe.	Por isso se alegrou o meu coração, e exultou a minha língua: * e ainda a minha carne repousará na esperança.
15	15:10	Quóniam non derelínques ánimam meam in inférno: * nec dabis sanctum tuum vidére corruptiónem.	Porque não abandonareis a minha alma no inferno: * nem deixareis o vosso santo ver a corrupção.
15	15:11	Notas mihi fecísti vias vitæ, † adimplébis me lætítia cum vultu tuo: * delectatiónes in déxtera tua usque in finem.	Fizestes-me conhecer os caminhos da vida, † vós me enchereis de alegria com o vosso rosto: * deleites na vossa direita até o fim.
16	16:1a	Exáudi, Dómine, justítiam meam: * inténde deprecatiónem meam.	Escutai, Senhor, a minha justiça: * atendei à minha prece.
16	16:1b	Áuribus pércipe oratiónem meam, * non in lábiis dolósis.	Dai ouvidos à minha oração, * que não é de lábios enganadores.
16	16:2	De vultu tuo judícium meum pródeat: * óculi tui vídeant æquitátes.	Do vosso rosto saia o meu juízo: * vejam os vossos olhos as equidades.
16	16:3	Probásti cor meum, et visitásti nocte: * igne me examinásti, et non est invénta in me iníquitas.	Provastes o meu coração, e o visitastes de noite: * no fogo me examinastes, e não se encontrou iniquidade em mim.
16	16:4	Ut non loquátur os meum ópera hóminum: * propter verba labiórum tuórum ego custodívi vias duras.	Para que a minha boca não fale das obras dos homens: * por causa das palavras dos vossos lábios, eu guardei caminhos duros.
16	16:5	Pérfice gressus meos in sémitis tuis: * ut non moveántur vestígia mea.	Aperfeiçoai os meus passos nas vossas veredas: * para que não sejam abaladas as minhas pegadas.
16	16:6	Ego clamávi, quóniam exaudísti me, Deus: * inclína aurem tuam mihi, et exáudi verba mea.	Eu clamei, porque me escutastes, Deus: * inclinai para mim o vosso ouvido, e escutai as minhas palavras.
16	16:7	Mirífica misericórdias tuas, * qui salvos facis sperántes in te.	Fazei maravilhosas as vossas misericórdias, * vós que salvais os que esperam em vós.
16	16:8a	A resisténtibus déxteræ tuæ custódi me, * ut pupíllam óculi.	Guardai-me dos que resistem à vossa direita, * como a menina do olho.
16	16:8b	Sub umbra alárum tuárum prótege me: * (9a) a fácie impiórum qui me afflixérunt.	Sob a sombra das vossas asas protegei-me: * da face dos ímpios que me afligiram.
16	16:9b	Inimíci mei ánimam meam circumdedérunt, † (10) ádipem suum conclusérunt: * os eórum locútum est supérbiam.	Os meus inimigos cercaram a minha alma, † fecharam a sua gordura: * a boca deles falou soberba.
16	16:11	Proiciéntes me nunc circumdedérunt me: * óculos suos statuérunt declináre in terram.	Lançando-me fora, agora me cercaram: * fixaram os seus olhos para se inclinarem à terra.
16	16:12	Suscepérunt me sicut leo parátus ad prædam: * et sicut cátulus leónis hábitans in ábditis.	Agarraram-me como um leão pronto para a presa: * e como um filhote de leão que habita em lugares ocultos.
16	16:13	Exsúrge, Dómine, prǽveni eum, et supplánta eum: * éripe ánimam meam ab ímpio, frámeam tuam (14a) ab inimícis manus tuæ.	Levantai-vos, Senhor, adiantai-vos a ele e derrubai-o: * arrancai a minha alma do ímpio, a vossa espada dos inimigos da vossa mão.
16	16:14b	Dómine, a paucis de terra dívide eos in vita eórum: * de abscónditis tuis adimplétus est venter eórum.	Senhor, separai-os dos poucos da terra na vida deles: * o ventre deles foi enchido das vossas coisas escondidas.
16	16:14c	Saturáti sunt fíliis: * et dimisérunt relíquias suas párvulis suis.	Foram saciados de filhos: * e deixaram as suas sobras aos seus pequeninos.
16	16:15	Ego autem in justítia apparébo conspéctui tuo: * satiábor cum apparúerit glória tua.	Mas eu, na justiça, aparecerei à vossa vista: * serei saciado quando aparecer a vossa glória.
17	17:2	Díligam te, Dómine, fortitúdo mea: * (3a) Dóminus firmaméntum meum, et refúgium meum, et liberátor meus.	Eu vos amarei, Senhor, minha força: * o Senhor é o meu esteio, e o meu refúgio, e o meu libertador.
17	17:3b	Deus meus adjútor meus, * et sperábo in eum.	O meu Deus é o meu auxílio, * e nele esperarei.
17	17:3c	Protéctor meus, et cornu salútis meæ, * et suscéptor meus.	O meu protetor, e o chifre da minha salvação, * e o meu amparo.
17	17:4	Laudans invocábo Dóminum: * et ab inimícis meis salvus ero.	Louvando, invocarei o Senhor: * e serei salvo dos meus inimigos.
17	17:5	Circumdedérunt me dolóres mortis: * et torréntes iniquitátis conturbavérunt me.	Cercaram-me as dores da morte, * e as torrentes da iniquidade me perturbaram.
17	17:6	Dolóres inférni circumdedérunt me: * præoccupavérunt me láquei mortis.	As dores do inferno me cercaram, * os laços da morte me surpreenderam.
17	17:7a	In tribulatióne mea invocávi Dóminum, * et ad Deum meum clamávi.	Na minha tribulação invoquei o Senhor, * e clamei ao meu Deus.
17	17:7b	Et exaudívit de templo sancto suo vocem meam: * et clamor meus in conspéctu ejus, introívit in aures ejus.	E do seu templo santo ele escutou a minha voz, * e o meu clamor, na sua presença, entrou nos seus ouvidos.
17	17:8	Commóta est, et contrémuit terra: * fundaménta móntium conturbáta sunt, et commóta sunt, quóniam irátus est eis.	A terra se abalou e estremeceu, * os fundamentos dos montes se perturbaram e se abalaram, porque se irou contra eles.
17	17:9	Ascéndit fumus in ira ejus: † et ignis a fácie ejus exársit: * carbónes succénsi sunt ab eo.	Subiu fumaça na sua ira, † e da sua face um fogo se inflamou, * carvões foram acesos por ele.
17	17:10	Inclinávit cælos, et descéndit: * et calígo sub pédibus ejus.	Inclinou os céus, e desceu, * e havia uma névoa escura sob os seus pés.
17	17:11	Et ascéndit super Chérubim, et volávit: * volávit super pennas ventórum.	E subiu sobre os querubins, e voou: * voou sobre as asas dos ventos.
17	17:12	Et pósuit ténebras latíbulum suum, † in circúitu ejus tabernáculum ejus: * tenebrósa aqua in núbibus áëris.	E fez das trevas o seu esconderijo, † ao seu redor a sua tenda: * água tenebrosa nas nuvens do ar.
17	17:13	Præ fulgóre in conspéctu ejus nubes transiérunt, * grando et carbónes ignis.	Diante do clarão, na sua presença, passaram as nuvens, * granizo e carvões de fogo.
17	17:14	Et intónuit de cælo Dóminus, † et Altíssimus dedit vocem suam: * grando et carbónes ignis.	E o Senhor trovejou do céu, † e o Altíssimo fez ouvir a sua voz: * granizo e carvões de fogo.
17	17:15	Et misit sagíttas suas, et dissipávit eos: * fúlgura multiplicávit, et conturbávit eos.	E enviou as suas setas, e os dispersou: * multiplicou os relâmpagos, e os perturbou.
17	17:16a	Et apparuérunt fontes aquárum, * et reveláta sunt fundaménta orbis terrárum:	E apareceram as fontes das águas, * e foram desvendados os fundamentos do mundo:
17	17:16b	Ab increpatióne tua, Dómine, * ab inspiratióne spíritus iræ tuæ.	À vossa repreensão, Senhor, * ao sopro do espírito da vossa ira.
17	17:17	Misit de summo, et accépit me: * et assúmpsit me de aquis multis.	Enviou do alto, e me tomou, * e me recolheu de muitas águas.
17	17:18	Erípuit me de inimícis meis fortíssimis, † et ab his qui odérunt me: * quóniam confortáti sunt super me.	Arrancou-me dos meus fortíssimos inimigos, † e dos que me odeiam, * porque se fortaleceram mais do que eu.
17	17:19	Prævenérunt me in die afflictiónis meæ: * et factus est Dóminus protéctor meus.	Surpreenderam-me no dia da minha aflição, * e o Senhor se fez o meu protetor.
17	17:20	Et edúxit me in latitúdinem: * salvum me fecit, quóniam vóluit me.	E me fez sair para a amplidão, * salvou-me, porque me quis.
17	17:21	Et retríbuet mihi Dóminus secúndum justítiam meam: * et secúndum puritátem mánuum meárum retríbuet mihi:	E o Senhor me retribuirá segundo a minha justiça, * e segundo a pureza das minhas mãos me retribuirá.
17	17:22	Quia custodívi vias Dómini, * nec ímpie gessi a Deo meo.	Porque guardei os caminhos do Senhor, * e não me apartei impiamente do meu Deus.
17	17:23	Quóniam ómnia judícia ejus in conspéctu meo: * et justítias ejus non répuli a me.	Porque todos os seus juízos estão à minha vista, * e não afastei de mim as suas justiças.
17	17:24	Et ero immaculátus cum eo: * et observábo me ab iniquitáte mea.	E serei imaculado com ele, * e me guardarei da minha iniquidade.
17	17:25	Et retríbuet mihi Dóminus secúndum justítiam meam: * et secúndum puritátem mánuum meárum in conspéctu oculórum ejus.	E o Senhor me retribuirá segundo a minha justiça, * e segundo a pureza das minhas mãos à vista dos seus olhos.
17	17:26	Cum sancto sanctus eris, * et cum viro innocénte ínnocens eris:	Com o santo sereis santo, * e com o homem inocente sereis inocente,
17	17:27	Et cum elécto eléctus eris: * et cum pervérso pervertéris.	E com o eleito sereis eleito, * e com o perverso vos pervertereis.
17	17:28	Quóniam tu pópulum húmilem salvum fácies: * et óculos superbórum humiliábis.	Porque vós salvareis o povo humilde, * e humilhareis os olhos dos soberbos.
17	17:29	Quóniam tu illúminas lucérnam meam, Dómine: * Deus meus, illúmina ténebras meas.	Porque vós iluminais a minha lâmpada, Senhor: * meu Deus, iluminai as minhas trevas.
17	17:30	Quóniam in te erípiar a tentatióne, * et in Deo meo transgrédiar murum.	Porque em vós serei arrancado da tentação, * e no meu Deus transporei o muro.
17	17:31	Deus meus, impollúta via ejus: † elóquia Dómini igne examináta: * protéctor est ómnium sperántium in se.	Imaculado é o caminho do meu Deus, † as palavras do Senhor, examinadas no fogo: * ele é o protetor de todos os que nele esperam.
17	17:32	Quóniam quis Deus præter Dóminum? * aut quis Deus præter Deum nostrum?	Porque quem é Deus senão o Senhor? * ou quem é Deus senão o nosso Deus?
17	17:33	Deus, qui præcínxit me virtúte: * et pósuit immaculátam viam meam.	É Deus que me cingiu de poder, * e tornou imaculado o meu caminho.
17	17:34	Qui perfécit pedes meos tamquam cervórum, * et super excélsa státuens me.	Que aperfeiçoou os meus pés como os das corças, * e sobre as alturas me firmando.
17	17:35	Qui docet manus meas ad prǽlium: * et posuísti, ut arcum ǽreum, brácchia mea.	Que ensina as minhas mãos para a batalha, * e fizestes os meus braços como um arco de bronze.
17	17:36a	Et dedísti mihi protectiónem salútis tuæ: * et déxtera tua suscépit me:	E me destes a proteção da vossa salvação, * e a vossa direita me amparou.
17	17:36b	Et disciplína tua corréxit me in finem: * et disciplína tua ipsa me docébit.	E a vossa disciplina me corrigiu até o fim, * e a vossa própria disciplina me ensinará.
17	17:37	Dilatásti gressus meos subtus me: * et non sunt infirmáta vestígia mea:	Alargastes os meus passos sob mim, * e não se enfraqueceram as minhas pegadas.
17	17:38	Pérsequar inimícos meos et comprehéndam illos: * et non convértar, donec defíciant.	Perseguirei os meus inimigos e os prenderei, * e não voltarei atrás até que desfaleçam.
17	17:39	Confríngam illos, nec póterunt stare: * cadent subtus pedes meos.	Eu os quebrarei, e não poderão estar de pé, * cairão sob os meus pés.
17	17:40	Et præcinxísti me virtúte ad bellum: * et supplantásti insurgéntes in me subtus me.	E me cingistes de poder para a guerra, * e derrubastes sob mim os que contra mim se levantavam.
17	17:41	Et inimícos meos dedísti mihi dorsum, * et odiéntes me disperdidísti.	E me destes as costas dos meus inimigos, * e exterminastes os que me odeiam.
17	17:42	Clamavérunt, nec erat qui salvos fáceret ad Dóminum: * nec exaudívit eos.	Clamaram ao Senhor, e não havia quem os salvasse, * e ele não os escutou.
17	17:43	Et commínuam eos, ut púlverem ante fáciem venti: * ut lutum plateárum delébo eos.	E eu os esmigalharei como o pó diante da face do vento, * como a lama das ruas os apagarei.
17	17:44	Erípies me de contradictiónibus pópuli: * constítues me in caput géntium.	Vós me arrancareis das contendas do povo, * e me estabelecereis como cabeça das nações.
17	17:45	Pópulus quem non cognóvi servívit mihi: * in audítu auris obedívit mihi.	Um povo que eu não conhecia me serviu, * ao ouvir com o ouvido, obedeceu-me.
17	17:46	Fílii aliéni mentíti sunt mihi, * fílii aliéni inveteráti sunt, et claudicavérunt a sémitis suis.	Os filhos estranhos me mentiram, * os filhos estranhos envelheceram, e mancaram fora das suas veredas.
17	17:47	Vivit Dóminus, et benedíctus Deus meus: * et exaltétur Deus salútis meæ.	Vive o Senhor, e bendito o meu Deus, * e exalte-se o Deus da minha salvação.
17	17:48	Deus, qui das vindíctas mihi, et subdis pópulos sub me: * liberátor meus de inimícis meis iracúndis.	Deus, que me dais vinganças e sujeitais os povos sob mim, * meu libertador dos meus inimigos irados.
17	17:49	Et ab insurgéntibus in me exaltábis me: * a viro iníquo erípies me.	E me exaltareis acima dos que se levantam contra mim, * do homem iníquo me arrancareis.
17	17:50	Proptérea confitébor tibi in natiónibus, Dómine: * et nómini tuo psalmum dicam.	Por isso vos darei graças entre as nações, Senhor, * e entoarei um salmo ao vosso nome.
17	17:51	Magníficans salútes Regis ejus, † et fáciens misericórdiam Christo suo David: * et sémini ejus usque in sǽculum.	Engrandecendo as salvações do seu Rei, † e usando de misericórdia com o seu Cristo, Davi, * e com a sua descendência para sempre.
18	18:2	Cæli enárrant glóriam Dei: * et ópera mánuum ejus annúntiat firmaméntum.	Os céus narram a glória de Deus: * e o firmamento anuncia as obras das suas mãos.
18	18:3	Dies diéi erúctat verbum, * et nox nocti índicat sciéntiam.	Um dia faz jorrar a palavra ao outro dia, * e uma noite indica o saber à outra noite.
18	18:4	Non sunt loquélæ, neque sermónes, * quorum non audiántur voces eórum.	Não há linguagens nem palavras, * cujas vozes não sejam ouvidas.
18	18:5	In omnem terram exívit sonus eórum: * et in fines orbis terræ verba eórum.	O som deles saiu por toda a terra: * e as palavras deles, até os confins do mundo.
18	18:6a	In sole pósuit tabernáculum suum: * et ipse tamquam sponsus procédens de thálamo suo:	No sol pôs a sua tenda: * e ele, como um esposo que sai do seu quarto nupcial:
18	18:6b	Exsultávit ut gigas ad curréndam viam, * (7a) a summo cælo egréssio ejus:	Exultou como um gigante para correr o caminho, * a sua saída é do extremo do céu:
18	18:7b	Et occúrsus ejus usque ad summum ejus: * nec est qui se abscóndat a calóre ejus.	E a sua chegada é até o seu extremo: * e não há quem se esconda do seu calor.
18	18:8	Lex Dómini immaculáta, convértens ánimas: * testimónium Dómini fidéle, sapiéntiam præstans párvulis.	A lei do Senhor é imaculada, converte as almas: * o testemunho do Senhor é fiel, dá sabedoria aos pequeninos.
18	18:9	Justítiæ Dómini rectæ, lætificántes corda: * præcéptum Dómini lúcidum, illúminans óculos.	As justiças do Senhor são retas, alegram os corações: * o decreto do Senhor é luminoso, ilumina os olhos.
18	18:10	Timor Dómini sanctus, pérmanens in sǽculum sǽculi: * judícia Dómini vera, justificáta in semetípsa.	O temor do Senhor é santo, permanece pelos séculos dos séculos: * os juízos do Senhor são verdadeiros, justificados em si mesmos.
18	18:11	Desiderabília super aurum et lápidem pretiósum multum: * et dulcióra super mel et favum.	Mais desejáveis que o ouro e que muitas pedras preciosas: * e mais doces que o mel e o favo.
18	18:12	Étenim servus tuus custódit ea, * in custodiéndis illis retribútio multa.	Pois o vosso servo os guarda, * em guardá-los há muita retribuição.
18	18:13	Delícta quis intéllegit? † ab occúltis meis munda me: * (14a) et ab aliénis parce servo tuo.	Quem entende as faltas? † Das minhas faltas ocultas purificai-me: * e dos alheios poupai o vosso servo.
18	18:14b	Si mei non fúerint domináti, tunc immaculátus ero: * et emundábor a delícto máximo.	Se não me tiverem dominado, então serei imaculado: * e serei purificado da maior falta.
18	18:15a	Et erunt ut compláceant elóquia oris mei: * et meditátio cordis mei in conspéctu tuo semper.	E as palavras da minha boca serão tais que agradem: * e a meditação do meu coração, sempre à vossa vista.
18	18:15b	Dómine, adjútor meus, * et redémptor meus.	Senhor, meu auxílio, * e meu redentor.
19	19:2	Exáudiat te Dóminus in die tribulatiónis: * prótegat te nomen Dei Jacob.	O Senhor te escute no dia da tribulação: * o nome do Deus de Jacó te proteja.
19	19:3	Mittat tibi auxílium de sancto: * et de Sion tueátur te.	Envie-te auxílio do lugar santo: * e de Sião te defenda.
19	19:4	Memor sit omnis sacrifícii tui: * et holocáustum tuum pingue fiat.	Que ele se lembre de cada sacrifício teu: * e o teu holocausto se torne gordo.
19	19:5	Tríbuat tibi secúndum cor tuum: * et omne consílium tuum confírmet.	Dê-te segundo o teu coração: * e confirme todo o teu desígnio.
19	19:6	Lætábimur in salutári tuo: * et in nómine Dei nostri magnificábimur.	Nós nos alegraremos na tua salvação: * e em nome do nosso Deus seremos engrandecidos.
19	19:7a	Ímpleat Dóminus omnes petitiónes tuas: * nunc cognóvi quóniam salvum fecit Dóminus Christum suum.	Cumpra o Senhor todas as tuas petições: * agora soube que o Senhor salvou o seu Cristo.
19	19:7b	Exáudiet illum de cælo sancto suo: * in potentátibus salus déxteræ ejus.	Ele o escutará do seu céu santo: * a salvação da sua direita está em atos de poder.
19	19:8	Hi in cúrribus, et hi in equis: * nos autem in nómine Dómini, Dei nostri invocábimus.	Uns em carros de guerra, e outros em cavalos: * nós, porém, invocaremos em nome do Senhor, nosso Deus.
19	19:9	Ipsi obligáti sunt, et cecidérunt: * nos autem surréximus et erécti sumus.	Eles foram atados, e caíram: * nós, porém, nos levantamos e fomos erguidos.
19	19:10	Dómine, salvum fac regem: * et exáudi nos in die, qua invocavérimus te.	Senhor, salvai o rei: * e escutai-nos no dia em que vos invocarmos.
20	20:2	Dómine, in virtúte tua lætábitur rex: * et super salutáre tuum exsultábit veheménter.	Senhor, no vosso poder se alegrará o rei: * e com a vossa salvação exultará muito.
20	20:3	Desidérium cordis ejus tribuísti ei: * et voluntáte labiórum ejus non fraudásti eum.	Destes-lhe o desejo do seu coração: * e não o privastes da vontade dos seus lábios.
20	20:4	Quóniam prævenísti eum in benedictiónibus dulcédinis: * posuísti in cápite ejus corónam de lápide pretióso.	Porque vos adiantastes a ele com bênçãos de doçura: * pusestes na sua cabeça uma coroa de pedra preciosa.
20	20:5	Vitam pétiit a te: * et tribuísti ei longitúdinem diérum in sǽculum, et in sǽculum sǽculi.	Pediu-vos vida: * e lhe destes longos dias para sempre, e pelos séculos dos séculos.
20	20:6	Magna est glória ejus in salutári tuo: * glóriam et magnum decórem impónes super eum.	Grande é a sua glória na vossa salvação: * poreis sobre ele glória e grande esplendor.
20	20:7	Quóniam dabis eum in benedictiónem in sǽculum sǽculi: * lætificábis eum in gáudio cum vultu tuo.	Porque pelos séculos dos séculos fareis dele uma bênção: * o alegrareis de júbilo com o vosso rosto.
20	20:8	Quóniam rex sperat in Dómino: * et in misericórdia Altíssimi non commovébitur.	Porque o rei espera no Senhor: * e na misericórdia do Altíssimo não será abalado.
20	20:9	Inveniátur manus tua ómnibus inimícis tuis: * déxtera tua invéniat omnes, qui te odérunt.	Que a vossa mão seja encontrada por todos os vossos inimigos: * a vossa direita encontre todos os que vos odeiam.
20	20:10	Pones eos ut clíbanum ignis in témpore vultus tui: * Dóminus in ira sua conturbábit eos, et devorábit eos ignis.	Vós os fareis como um forno de fogo no tempo do vosso rosto: * o Senhor na sua ira os perturbará, e o fogo os devorará.
20	20:11	Fructum eórum de terra perdes: * et semen eórum a fíliis hóminum.	Fareis perecer da terra o seu fruto: * e a sua semente dentre os filhos dos homens.
20	20:12	Quóniam declinavérunt in te mala: * cogitavérunt consília, quæ non potuérunt stabilíre.	Porque voltaram males contra vós: * pensaram em desígnios que não puderam firmar.
20	20:13	Quóniam pones eos dorsum: * in relíquiis tuis præparábis vultum eórum.	Porque fareis deles costas: * nos vossos restos preparareis o rosto deles.
20	20:14	Exaltáre, Dómine, in virtúte tua: * cantábimus et psallémus virtútes tuas.	Exaltai-vos, Senhor, no vosso poder: * cantaremos e entoaremos em salmos os vossos poderes.
21	21:2	Deus, Deus meus, réspice in me: quare me dereliquísti? * longe a salúte mea verba delictórum meórum.	Deus, meu Deus, olhai para mim: por que me abandonastes? * longe da minha salvação estão as palavras das minhas faltas.
21	21:3	Deus meus, clamábo per diem, et non exáudies: * et nocte, et non ad insipiéntiam mihi.	Meu Deus, clamarei durante o dia, e não escutareis: * e de noite, e não será para a minha insensatez.
21	21:4	Tu autem in sancto hábitas, * laus Israël.	Mas vós habitais no lugar santo, * vós, louvor de Israel.
21	21:5	In te speravérunt patres nostri: * speravérunt, et liberásti eos.	Em vós esperaram os nossos pais: * esperaram, e vós os livrastes.
21	21:6	Ad te clamavérunt, et salvi facti sunt: * in te speravérunt, et non sunt confúsi.	A vós clamaram, e foram salvos: * em vós esperaram, e não foram envergonhados.
21	21:7	Ego autem sum vermis, et non homo: * oppróbrium hóminum, et abjéctio plebis.	Mas eu sou um verme, e não um homem: * a afronta dos homens, e o desprezo do povo.
21	21:8	Omnes vidéntes me, derisérunt me: * locúti sunt lábiis, et movérunt caput.	Todos os que me viam escarneceram de mim: * falaram com os lábios, e moveram a cabeça.
21	21:9	Sperávit in Dómino, erípiat eum: * salvum fáciat eum, quóniam vult eum.	Esperou no Senhor: que ele o liberte, * que o salve, porque o quer.
21	21:10	Quóniam tu es, qui extraxísti me de ventre: * spes mea ab ubéribus matris meæ. In te projéctus sum ex útero:	Porque sois vós que me tirastes do ventre: * a minha esperança desde os peitos da minha mãe. Sobre vós fui lançado desde o seio materno:
21	21:11	De ventre matris meæ Deus meus es tu, * ne discésseris a me:	Desde o ventre da minha mãe vós sois o meu Deus, * não vos afasteis de mim:
21	21:12	Quóniam tribulátio próxima est: * quóniam non est qui ádjuvet.	Porque a tribulação está perto: * porque não há quem auxilie.
21	21:13	Circumdedérunt me vítuli multi: * tauri pingues obsedérunt me.	Cercaram-me muitos bezerros: * touros gordos me sitiaram.
21	21:14	Aperuérunt super me os suum, * sicut leo rápiens et rúgiens.	Abriram sobre mim a sua boca, * como um leão que arrebata e ruge.
21	21:15	Sicut aqua effúsus sum: * et dispérsa sunt ómnia ossa mea.	Como água fui derramado: * e foram dispersos todos os meus ossos.
21	21:15b	Factum est cor meum tamquam cera liquéscens * in médio ventris mei.	O meu coração se tornou como cera que se derrete * no meio do meu ventre.
21	21:16	Áruit tamquam testa virtus mea, et lingua mea adhǽsit fáucibus meis: * et in púlverem mortis deduxísti me.	O meu vigor secou-se como um caco, e a minha língua se colou à minha garganta: * e me fizestes descer ao pó da morte.
21	21:17	Quóniam circumdedérunt me canes multi: * concílium malignántium obsédit me.	Porque me cercaram muitos cães: * a congregação dos malvados me sitiou.
21	21:17b	Fodérunt manus meas et pedes meos: * dinumeravérunt ómnia ossa mea.	Perfuraram as minhas mãos e os meus pés: * contaram todos os meus ossos.
21	21:18	Ipsi vero consideravérunt et inspexérunt me: * divisérunt sibi vestiménta mea, et super vestem meam misérunt sortem.	Eles, porém, me observaram e me fitaram: * repartiram entre si as minhas vestes, e sobre a minha veste lançaram sortes.
21	21:20	Tu autem, Dómine, ne elongáveris auxílium tuum a me: * ad defensiónem meam cónspice.	Mas vós, Senhor, não ponhais longe de mim o vosso auxílio: * olhai para a minha defesa.
21	21:21	Érue a frámea, Deus, ánimam meam: * et de manu canis únicam meam:	Arrancai da espada, Deus, a minha alma: * e a minha única, da mão do cão:
21	21:22	Salva me ex ore leónis: * et a córnibus unicórnium humilitátem meam.	Salvai-me da boca do leão: * e dos chifres dos unicórnios a minha pequenez.
21	21:23	Narrábo nomen tuum frátribus meis: * in médio ecclésiæ laudábo te.	Narrarei o vosso nome aos meus irmãos: * no meio da assembleia vos louvarei.
21	21:24	Qui timétis Dóminum, laudáte eum: * univérsum semen Jacob, glorificáte eum.	Vós que temeis o Senhor, louvai-o: * toda a descendência de Jacó, glorificai-o.
21	21:25	Tímeat eum omne semen Israël: * quóniam non sprevit, neque despéxit deprecatiónem páuperis:	Tema-o toda a descendência de Israel: * porque não desprezou, nem desdenhou a prece do pobre:
21	21:25b	Nec avértit fáciem suam a me: * et cum clamárem ad eum, exaudívit me.	Nem desviou de mim a sua face: * e quando eu clamava a ele, escutou-me.
21	21:26	Apud te laus mea in ecclésia magna: * vota mea reddam in conspéctu timéntium eum.	Junto de vós está o meu louvor na grande assembleia: * pagarei os meus votos à vista dos que o temem.
21	21:27	Edent páuperes, et saturabúntur: et laudábunt Dóminum qui requírunt eum: * vivent corda eórum in sǽculum sǽculi.	Os pobres comerão, e serão saciados: e louvarão o Senhor os que o procuram: * viverão os seus corações pelos séculos dos séculos.
21	21:28	Reminiscéntur et converténtur ad Dóminum * univérsi fines terræ:	Hão de lembrar-se e converter-se ao Senhor * todos os confins da terra:
21	21:28b	Et adorábunt in conspéctu ejus * univérsæ famíliæ géntium.	E adorarão na sua presença * todas as famílias das nações.
21	21:29	Quóniam Dómini est regnum: * et ipse dominábitur géntium.	Porque do Senhor é o reino: * e ele dominará as nações.
21	21:30	Manducavérunt et adoravérunt omnes pingues terræ: * in conspéctu ejus cadent omnes qui descéndunt in terram.	Comeram e adoraram todos os gordos da terra: * na sua presença cairão todos os que descem à terra.
21	21:31	Et ánima mea illi vivet: * et semen meum sérviet ipsi.	E a minha alma viverá para ele: * e a minha descendência o servirá.
21	21:32	Annuntiábitur Dómino generátio ventúra: * et annuntiábunt cæli justítiam ejus pópulo qui nascétur, quem fecit Dóminus.	Será anunciada ao Senhor a geração que há de vir: * e os céus anunciarão a sua justiça ao povo que nascerá, que o Senhor fez.
22	22:1	Dóminus regit me, et nihil mihi déerit: * in loco páscuæ ibi me collocávit.	O Senhor me rege, e nada me faltará: * num lugar de pastagem, ali me colocou.
22	22:2	Super aquam refectiónis educávit me: * ánimam meam convértit.	Junto à água do refrigério me nutriu: * converteu a minha alma.
22	22:3	Dedúxit me super sémitas justítiæ, * propter nomen suum.	Guiou-me pelas veredas da justiça, * por causa do seu nome.
22	22:4	Nam, et si ambulávero in médio umbræ mortis, non timébo mala: * quóniam tu mecum es.	Pois, ainda que eu ande no meio da sombra da morte, não temerei males: * porque vós estais comigo.
22	22:4b	Virga tua, et báculus tuus: * ipsa me consoláta sunt.	A vossa vara, e o vosso cajado: * eles me consolaram.
22	22:5	Parásti in conspéctu meo mensam, * advérsus eos, qui tríbulant me.	Preparastes à minha vista uma mesa, * contra os que me atribulam.
22	22:5b	Impinguásti in óleo caput meum: * et calix meus inébrians quam præclárus est!	Ungistes com óleo a minha cabeça: * e como é excelente o meu cálice que embriaga!
22	22:6	Et misericórdia tua subsequétur me * ómnibus diébus vitæ meæ:	E a vossa misericórdia me seguirá * todos os dias da minha vida:
22	22:6b	Et ut inhábitem in domo Dómini, * in longitúdinem diérum.	E para que eu habite na casa do Senhor, * por longos dias.
23	23:1	Dómini est terra, et plenitúdo ejus: * orbis terrárum, et univérsi qui hábitant in eo.	Do Senhor é a terra, e a sua plenitude: * o mundo, e todos os que nele habitam.
23	23:2	Quia ipse super mária fundávit eum: * et super flúmina præparávit eum.	Porque ele o fundou sobre os mares: * e o preparou sobre os rios.
23	23:3	Quis ascéndet in montem Dómini? * aut quis stabit in loco sancto ejus?	Quem subirá ao monte do Senhor? * ou quem estará de pé no seu lugar santo?
23	23:4	Ínnocens mánibus et mundo corde, * qui non accépit in vano ánimam suam, nec jurávit in dolo próximo suo.	Aquele que tem mãos inocentes e coração puro, * que não recebeu em vão a sua alma, nem jurou ao seu próximo com engano.
23	23:5	Hic accípiet benedictiónem a Dómino: * et misericórdiam a Deo, salutári suo.	Este receberá a bênção do Senhor: * e de Deus, seu Salvador, a misericórdia.
23	23:6	Hæc est generátio quæréntium eum, * quæréntium fáciem Dei Jacob.	Esta é a geração dos que o buscam, * dos que buscam a face do Deus de Jacó.
23	23:7	Attóllite portas, príncipes, vestras, et elevámini, portæ æternáles: * et introíbit Rex glóriæ.	Erguei, príncipes, as vossas portas, e elevai-vos, portas eternas: * e entrará o Rei da glória.
23	23:8	Quis est iste Rex glóriæ? * Dóminus fortis et potens: Dóminus potens in prǽlio.	Quem é este Rei da glória? * O Senhor forte e poderoso: o Senhor poderoso na batalha.
23	23:9	Attóllite portas, príncipes, vestras, et elevámini, portæ æternáles: * et introíbit Rex glóriæ.	Erguei, príncipes, as vossas portas, e elevai-vos, portas eternas: * e entrará o Rei da glória.
23	23:10	Quis est iste Rex glóriæ? * Dóminus virtútum ipse est Rex glóriæ.	Quem é este Rei da glória? * O Senhor dos poderes: ele é o Rei da glória.
24	24:1	Ad te, Dómine, levávi ánimam meam: * Deus meus, in te confído, non erubéscam.	A vós, Senhor, levantei a minha alma: * meu Deus, em vós confio, não corarei.
24	24:3	Neque irrídeant me inimíci mei: * étenim univérsi, qui sústinent te, non confundéntur.	Nem riam de mim os meus inimigos: * pois todos os que esperam por vós não serão envergonhados.
24	24:4	Confundántur omnes iníqua agéntes * supervácue.	Sejam envergonhados todos os que agem iniquamente * em vão.
24	24:4b	Vias tuas, Dómine, demónstra mihi: * et sémitas tuas édoce me.	Mostrai-me, Senhor, os vossos caminhos: * e ensinai-me as vossas veredas.
24	24:5	Dírige me in veritáte tua, et doce me: * quia tu es, Deus, salvátor meus, et te sustínui tota die.	Encaminhai-me na vossa verdade, e ensinai-me: * porque vós sois, Deus, o meu Salvador, e por vós esperei o dia todo.
24	24:6	Reminíscere miseratiónum tuárum, Dómine, * et misericordiárum tuárum, quæ a sǽculo sunt.	Lembrai-vos das vossas compaixões, Senhor, * e das vossas misericórdias, que são desde sempre.
24	24:7	Delícta juventútis meæ, * et ignorántias meas ne memíneris.	Das faltas da minha juventude, * e das minhas ignorâncias não vos lembreis.
24	24:7b	Secúndum misericórdiam tuam meménto mei tu: * propter bonitátem tuam, Dómine.	Segundo a vossa misericórdia lembrai-vos vós de mim: * por causa da vossa bondade, Senhor.
24	24:8	Dulcis et rectus Dóminus: * propter hoc legem dabit delinquéntibus in via.	Doce e reto é o Senhor: * por isso dará uma lei aos que cometem faltas no caminho.
24	24:9	Díriget mansuétos in judício: * docébit mites vias suas.	Encaminhará os mansos no juízo: * ensinará aos mansos os seus caminhos.
24	24:10	Univérsæ viæ Dómini, misericórdia et véritas, * requiréntibus testaméntum ejus et testimónia ejus.	Todos os caminhos do Senhor são misericórdia e verdade, * para os que procuram a sua aliança e os seus testemunhos.
24	24:11	Propter nomen tuum, Dómine, propitiáberis peccáto meo: * multum est enim.	Por causa do vosso nome, Senhor, sereis propício ao meu pecado: * pois é grande.
24	24:12	Quis est homo qui timet Dóminum? * legem státuit ei in via, quam elégit.	Quem é o homem que teme o Senhor? * ele lhe firmou uma lei no caminho que escolheu.
24	24:13	Ánima ejus in bonis demorábitur: * et semen ejus hereditábit terram.	A sua alma se demorará entre coisas boas: * e a sua descendência herdará a terra.
24	24:14	Firmaméntum est Dóminus timéntibus eum: * et testaméntum ipsíus ut manifestétur illis.	O Senhor é o esteio dos que o temem: * e a sua aliança é para que lhes seja manifestada.
24	24:15	Óculi mei semper ad Dóminum: * quóniam ipse evéllet de láqueo pedes meos.	Os meus olhos estão sempre voltados para o Senhor: * porque ele arrancará do laço os meus pés.
24	24:16	Réspice in me, et miserére mei: * quia únicus et pauper sum ego.	Olhai para mim, e tende piedade de mim: * porque eu sou só e pobre.
24	24:17	Tribulatiónes cordis mei multiplicátæ sunt: * de necessitátibus meis érue me.	As tribulações do meu coração se multiplicaram: * libertai-me das minhas necessidades.
24	24:18	Vide humilitátem meam, et labórem meum: * et dimítte univérsa delícta mea.	Vede a minha humilhação e a minha fadiga: * e perdoai todas as minhas faltas.
24	24:19	Réspice inimícos meos quóniam multiplicáti sunt, * et ódio iníquo odérunt me.	Olhai para os meus inimigos, porque se multiplicaram, * e com ódio iníquo me odeiam.
24	24:20	Custódi ánimam meam, et érue me: * non erubéscam quóniam sperávi in te.	Guardai a minha alma, e libertai-me: * não corarei, porque esperei em vós.
24	24:21	Innocéntes et recti adhæsérunt mihi: * quia sustínui te.	Os inocentes e os retos apegaram-se a mim: * porque por vós esperei.
24	24:22	Líbera, Deus, Israël, * ex ómnibus tribulatiónibus suis.	Livrai, Deus, Israel, * de todas as suas tribulações.
25	25:1	Júdica me, Dómine, quóniam ego in innocéntia mea ingréssus sum: * et in Dómino sperans non infirmábor.	Julgai-me, Senhor, porque eu andei na minha inocência: * e, esperando no Senhor, não me enfraquecerei.
25	25:2	Proba me, Dómine, et tenta me: * ure renes meos et cor meum.	Provai-me, Senhor, e experimentai-me: * queimai os meus rins e o meu coração.
25	25:3	Quóniam misericórdia tua ante óculos meos est: * et complácui in veritáte tua.	Porque a vossa misericórdia está diante dos meus olhos: * e achei prazer na vossa verdade.
25	25:4	Non sedi cum concílio vanitátis: * et cum iníqua geréntibus non introíbo.	Não me sentei no conselho da vaidade: * e com os que fazem coisas iníquas não entrarei.
25	25:5	Odívi ecclésiam malignántium: * et cum ímpiis non sedébo.	Odeio a assembleia dos malvados: * e com os ímpios não me sentarei.
25	25:6	Lavábo inter innocéntes manus meas: * et circúmdabo altáre tuum, Dómine:	Lavarei as minhas mãos entre os inocentes: * e cercarei o vosso altar, Senhor:
25	25:7	Ut áudiam vocem laudis, * et enárrem univérsa mirabília tua.	Para ouvir a voz do louvor, * e narrar todas as vossas maravilhas.
25	25:8	Dómine, diléxi decórem domus tuæ, * et locum habitatiónis glóriæ tuæ.	Senhor, amei o esplendor da vossa casa, * e o lugar onde habita a vossa glória.
25	25:9	Ne perdas cum ímpiis, Deus, ánimam meam, * et cum viris sánguinum vitam meam:	Deus, não façais perecer com os ímpios a minha alma, * nem com os homens de sangue a minha vida:
25	25:10	In quorum mánibus iniquitátes sunt: * déxtera eórum repléta est munéribus.	Em cujas mãos há iniquidades: * a direita deles está cheia de dádivas.
25	25:11	Ego autem in innocéntia mea ingréssus sum: * rédime me, et miserére mei.	Mas eu andei na minha inocência: * resgatai-me, e tende piedade de mim.
25	25:12	Pes meus stetit in dirécto: * in ecclésiis benedícam te, Dómine.	O meu pé esteve firme no que é reto: * nas assembleias vos bendirei, Senhor.
26	26:1	Dóminus illuminátio mea, et salus mea, * quem timébo?	O Senhor é a minha luz e a minha salvação: * a quem temerei?
26	26:1b	Dóminus protéctor vitæ meæ, * a quo trepidábo?	O Senhor é o protetor da minha vida: * diante de quem tremerei?
26	26:2	Dum apprópiant super me nocéntes, * ut edant carnes meas:	Enquanto se aproximam de mim os malfeitores, * para comerem as minhas carnes:
26	26:2b	Qui tríbulant me inimíci mei, * ipsi infirmáti sunt, et cecidérunt.	Os que me atribulam, os meus inimigos, * eles mesmos se enfraqueceram, e caíram.
26	26:3	Si consístant advérsum me castra, * non timébit cor meum.	Se um acampamento se instalar contra mim, * o meu coração não temerá.
26	26:3b	Si exsúrgat advérsum me prǽlium, * in hoc ego sperábo.	Se uma batalha se levantar contra mim, * nisto eu esperarei.
26	26:4	Unam pétii a Dómino, hanc requíram, * ut inhábitem in domo Dómini ómnibus diébus vitæ meæ:	Uma coisa pedi ao Senhor, esta procurarei: * que eu habite na casa do Senhor todos os dias da minha vida:
26	26:4b	Ut vídeam voluptátem Dómini, * et vísitem templum ejus.	Para que eu veja as delícias do Senhor, * e visite o seu templo.
26	26:5	Quóniam abscóndit me in tabernáculo suo: * in die malórum protéxit me in abscóndito tabernáculi sui.	Porque me escondeu na sua tenda: * no dia dos males protegeu-me no lugar escondido da sua tenda.
26	26:6	In petra exaltávit me: * et nunc exaltávit caput meum super inimícos meos.	Sobre uma rocha me exaltou: * e agora exaltou a minha cabeça acima dos meus inimigos.
26	26:6b	Circuívi, et immolávi in tabernáculo ejus hóstiam vociferatiónis: * cantábo, et psalmum dicam Dómino.	Andei ao redor, e imolei na sua tenda uma vítima de aclamação: * cantarei, e entoarei um salmo ao Senhor.
26	26:7	Exáudi, Dómine, vocem meam, qua clamávi ad te: * miserére mei, et exáudi me.	Escutai, Senhor, a minha voz, com que clamei a vós: * tende piedade de mim, e escutai-me.
26	26:8	Tibi dixit cor meum, exquisívit te fácies mea: * fáciem tuam, Dómine, requíram.	O meu coração vos disse, a minha face vos procurou: * a vossa face, Senhor, procurarei.
26	26:9	Ne avértas fáciem tuam a me: * ne declínes in ira a servo tuo.	Não desvieis de mim a vossa face: * não vos aparteis do vosso servo com ira.
26	26:9b	Adjútor meus esto: * ne derelínquas me, neque despícias me, Deus, salutáris meus.	Sede o meu auxílio: * não me abandoneis, nem me desdenheis, Deus, meu Salvador.
26	26:10	Quóniam pater meus, et mater mea dereliquérunt me: * Dóminus autem assúmpsit me.	Porque o meu pai e a minha mãe me abandonaram: * o Senhor, porém, me recolheu.
26	26:11	Legem pone mihi, Dómine, in via tua: * et dírige me in sémitam rectam propter inimícos meos.	Ponde uma lei para mim, Senhor, no vosso caminho: * e encaminhai-me à vereda reta, por causa dos meus inimigos.
26	26:12	Ne tradíderis me in ánimas tribulántium me: * quóniam insurrexérunt in me testes iníqui, et mentíta est iníquitas sibi.	Não me entregueis às almas dos que me atribulam: * porque se levantaram contra mim testemunhas iníquas, e a iniquidade mentiu a si mesma.
26	26:13	Credo vidére bona Dómini * in terra vivéntium.	Creio que verei os bens do Senhor * na terra dos vivos.
26	26:14	Exspécta Dóminum, viríliter age: * et confortétur cor tuum, et sústine Dóminum.	Aguarda o Senhor, porta-te como homem: * e que o teu coração se fortaleça, e espera pelo Senhor.
27	27:1	Ad te, Dómine, clamábo, Deus meus, ne síleas a me: * nequándo táceas a me, et assimilábor descendéntibus in lacum.	A vós, Senhor, clamarei, meu Deus, não fiqueis em silêncio comigo: * para que não vos caleis comigo, nem eu me torne semelhante aos que descem à cova.
27	27:2	Exáudi, Dómine, vocem deprecatiónis meæ dum oro ad te: * dum extóllo manus meas ad templum sanctum tuum.	Escutai, Senhor, a voz da minha prece, enquanto oro a vós: * enquanto ergo as minhas mãos para o vosso templo santo.
27	27:3	Ne simul trahas me cum peccatóribus: * et cum operántibus iniquitátem ne perdas me.	Não me arrasteis juntamente com os pecadores: * e com os que praticam a iniquidade não me façais perecer.
27	27:3b	Qui loquúntur pacem cum próximo suo, * mala autem in córdibus eórum.	Os que com o seu próximo falam de paz, * mas têm males nos seus corações.
27	27:4	Da illis secúndum ópera eórum, * et secúndum nequítiam adinventiónum ipsórum.	Dai-lhes segundo as suas obras, * e segundo a maldade das suas invenções.
27	27:4b	Secúndum ópera mánuum eórum tríbue illis: * redde retributiónem eórum ipsis.	Dai-lhes segundo as obras das suas mãos: * pagai-lhes a retribuição deles.
27	27:5	Quóniam non intellexérunt ópera Dómini, et in ópera mánuum ejus * déstrues illos, et non ædificábis eos.	Porque não entenderam as obras do Senhor, nem as obras das suas mãos: * vós os destruireis, e não os edificareis.
27	27:6	Benedíctus Dóminus: * quóniam exaudívit vocem deprecatiónis meæ.	Bendito o Senhor: * porque escutou a voz da minha prece.
27	27:7	Dóminus adjútor meus, et protéctor meus: * in ipso sperávit cor meum, et adjútus sum.	O Senhor é o meu auxílio e o meu protetor: * nele esperou o meu coração, e fui auxiliado.
27	27:7b	Et reflóruit caro mea: * et ex voluntáte mea confitébor ei.	E refloresceu a minha carne: * e de minha própria vontade lhe darei graças.
27	27:8	Dóminus fortitúdo plebis suæ: * et protéctor salvatiónum Christi sui est.	O Senhor é a força do seu povo: * e é o protetor das salvações do seu Cristo.
27	27:9	Salvum fac pópulum tuum, Dómine, et bénedic hereditáti tuæ: * et rege eos, et extólle illos usque in ætérnum.	Salvai o vosso povo, Senhor, e bendizei a vossa herança: * e regei-os, e erguei-os para todo o sempre.
28	28:1	Afférte Dómino, fílii Dei: * afférte Dómino fílios aríetum.	Trazei ao Senhor, ó filhos de Deus: * trazei ao Senhor filhos de carneiros.
28	28:2	Afférte Dómino glóriam et honórem, afférte Dómino glóriam nómini ejus: * adoráte Dóminum in átrio sancto ejus.	Trazei ao Senhor glória e honra, trazei ao Senhor glória ao seu nome: * adorai o Senhor no seu átrio santo.
28	28:3	Vox Dómini super aquas, Deus majestátis intónuit: * Dóminus super aquas multas.	A voz do Senhor sobre as águas, o Deus da majestade trovejou: * o Senhor sobre muitas águas.
28	28:4	Vox Dómini in virtúte: * vox Dómini in magnificéntia.	A voz do Senhor com poder: * a voz do Senhor com magnificência.
28	28:5	Vox Dómini confringéntis cedros: * et confrínget Dóminus cedros Líbani:	A voz do Senhor que quebra os cedros: * e o Senhor quebrará os cedros do Líbano:
28	28:6	Et commínuet eas tamquam vítulum Líbani: * et diléctus quemádmodum fílius unicórnium.	E, como a um bezerro do Líbano, os esmigalhará: * e o amado será como um filho de unicórnios.
28	28:7	Vox Dómini intercidéntis flammam ignis: * vox Dómini concutiéntis desértum: et commovébit Dóminus desértum Cades.	A voz do Senhor que divide a chama de fogo: * a voz do Senhor que abala o deserto: e o Senhor abalará o deserto de Cades.
28	28:9	Vox Dómini præparántis cervos, et revelábit condénsa: * et in templo ejus omnes dicent glóriam.	A voz do Senhor que prepara as corças, e que desnudará as matas densas: * e no seu templo todos dirão glória.
28	28:10	Dóminus dilúvium inhabitáre facit: * et sedébit Dóminus Rex in ætérnum.	O Senhor faz habitar o dilúvio: * e o Senhor se sentará como Rei para sempre.
28	28:11	Dóminus virtútem pópulo suo dabit: * Dóminus benedícet pópulo suo in pace.	O Senhor dará poder ao seu povo: * o Senhor bendirá o seu povo em paz.
29	29:2	Exaltábo te, Dómine, quóniam suscepísti me: * nec delectásti inimícos meos super me.	Eu vos exaltarei, Senhor, porque me amparastes: * e não alegrastes os meus inimigos à minha custa.
29	29:3	Dómine, Deus meus, clamávi ad te, * et sanásti me.	Senhor, meu Deus, clamei a vós, * e me curastes.
29	29:4	Dómine, eduxísti ab inférno ánimam meam: * salvásti me a descendéntibus in lacum.	Senhor, tirastes do inferno a minha alma: * salvastes-me dos que descem à cova.
29	29:5	Psállite Dómino, sancti ejus: * et confitémini memóriæ sanctitátis ejus.	Entoai salmos ao Senhor, vós, seus santos: * e dai graças à memória da sua santidade.
29	29:6	Quóniam ira in indignatióne ejus: * et vita in voluntáte ejus.	Porque há ira na sua indignação: * e vida na sua vontade.
29	29:6b	Ad vésperum demorábitur fletus: * et ad matutínum lætítia.	À tarde se demorará o pranto: * e pela manhã, a alegria.
29	29:7	Ego autem dixi in abundántia mea: * Non movébor in ætérnum.	Eu, porém, disse na minha abundância: * Para sempre não serei abalado.
29	29:8	Dómine, in voluntáte tua, * præstitísti decóri meo virtútem.	Senhor, pela vossa vontade, * destes vigor ao meu esplendor.
29	29:8b	Avertísti fáciem tuam a me, * et factus sum conturbátus.	Desviastes de mim a vossa face, * e fiquei perturbado.
29	29:9	Ad te, Dómine, clamábo: * et ad Deum meum deprecábor.	A vós, Senhor, hei de clamar: * e ao meu Deus suplicarei.
29	29:10	Quæ utílitas in sánguine meo, * dum descéndo in corruptiónem?	Que proveito há no meu sangue, * enquanto desço à corrupção?
29	29:10b	Numquid confitébitur tibi pulvis, * aut annuntiábit veritátem tuam?	Acaso o pó vos dará graças, * ou anunciará a vossa verdade?
29	29:11	Audívit Dóminus, et misértus est mei: * Dóminus factus est adjútor meus.	O Senhor ouviu, e teve piedade de mim: * o Senhor se fez o meu auxílio.
29	29:12	Convertísti planctum meum in gáudium mihi: * conscidísti saccum meum, et circumdedísti me lætítia:	Convertestes o meu lamento em júbilo para mim: * rasgastes o meu pano de saco, e me cercastes de alegria:
29	29:13	Ut cantet tibi glória mea, et non compúngar: * Dómine, Deus meus, in ætérnum confitébor tibi.	Para que a minha glória vos cante, e eu não seja compungido: * Senhor, meu Deus, para sempre vos darei graças.
30	30:2	In te, Dómine, sperávi, non confúndar in ætérnum: * in justítia tua líbera me.	Em vós, Senhor, esperei: para sempre não serei envergonhado: * livrai-me na vossa justiça.
30	30:3	Inclína ad me aurem tuam, * accélera ut éruas me.	Inclinai para mim o vosso ouvido, * apressai-vos a libertar-me.
30	30:3b	Esto mihi in Deum protectórem, et in domum refúgii: * ut salvum me fácias.	Sede para mim um Deus protetor, e uma casa de refúgio: * para me salvardes.
30	30:4	Quóniam fortitúdo mea, et refúgium meum es tu: * et propter nomen tuum dedúces me, et enútries me.	Porque vós sois a minha força e o meu refúgio: * e por causa do vosso nome me guiareis, e me nutrireis.
30	30:5	Edúces me de láqueo hoc, quem abscondérunt mihi: * quóniam tu es protéctor meus.	Vós me tirareis deste laço que esconderam para mim: * porque vós sois o meu protetor.
30	30:6	In manus tuas comméndo spíritum meum: * redemísti me, Dómine, Deus veritátis.	Nas vossas mãos entrego o meu espírito: * vós me resgatastes, Senhor, Deus da verdade.
30	30:7	Odísti observántes vanitátes, * supervácue.	Vós odiais os que observam vaidades, * em vão.
30	30:7b	Ego autem in Dómino sperávi: * exsultábo, et lætábor in misericórdia tua.	Eu, porém, esperei no Senhor: * exultarei, e me alegrarei na vossa misericórdia.
30	30:8	Quóniam respexísti humilitátem meam, * salvásti de necessitátibus ánimam meam.	Porque olhastes para a minha humilhação, * salvastes a minha alma das necessidades.
30	30:9	Nec conclusísti me in mánibus inimíci: * statuísti in loco spatióso pedes meos.	E não me encerrastes nas mãos do inimigo: * firmastes os meus pés num lugar espaçoso.
30	30:10	Miserére mei, Dómine, quóniam tríbulor: * conturbátus est in ira óculus meus, ánima mea, et venter meus:	Tende piedade de mim, Senhor, porque estou atribulado: * na ira foram perturbados o meu olho, a minha alma e o meu ventre:
30	30:11	Quóniam defécit in dolóre vita mea: * et anni mei in gemítibus.	Porque a minha vida desfaleceu na dor: * e os meus anos, em gemidos.
30	30:11b	Infirmáta est in paupertáte virtus mea: * et ossa mea conturbáta sunt.	O meu vigor se enfraqueceu na pobreza: * e os meus ossos foram perturbados.
30	30:12	Super omnes inimícos meos factus sum oppróbrium et vicínis meis valde: * et timor notis meis.	Mais que todos os meus inimigos, tornei-me uma afronta, e sobremaneira para os meus vizinhos: * e temor para os meus conhecidos.
30	30:12b	Qui vidébant me, foras fugérunt a me: * oblivióni datus sum, tamquam mórtuus a corde.	Os que me viam fugiram para fora, longe de mim: * fui entregue ao esquecimento, como um morto, longe do coração.
30	30:13	Factus sum tamquam vas pérditum: * quóniam audívi vituperatiónem multórum commorántium in circúitu.	Tornei-me como um vaso destruído: * porque ouvi a censura de muitos que moram ao redor.
30	30:14	In eo dum convenírent simul advérsum me, * accípere ánimam meam consiliáti sunt.	Enquanto se reuniam juntos contra mim, * planejaram tomar a minha alma.
30	30:15	Ego autem in te sperávi, Dómine: * dixi: Deus meus es tu: in mánibus tuis sortes meæ.	Eu, porém, esperei em vós, Senhor: * disse: Vós sois o meu Deus: nas vossas mãos estão as minhas sortes.
30	30:16	Éripe me de manu inimicórum meórum, * et a persequéntibus me.	Arrancai-me da mão dos meus inimigos, * e dos que me perseguem.
30	30:17	Illústra fáciem tuam super servum tuum, salvum me fac in misericórdia tua: * Dómine, non confúndar, quóniam invocávi te.	Iluminai a vossa face sobre o vosso servo, salvai-me na vossa misericórdia: * Senhor, não serei envergonhado, porque vos invoquei.
30	30:18	Erubéscant ímpii, et deducántur in inférnum: * muta fiant lábia dolósa.	Corem os ímpios, e sejam conduzidos ao inferno: * tornem-se mudos os lábios enganadores.
30	30:19	Quæ loquúntur advérsus justum iniquitátem: * in supérbia, et in abusióne.	Que falam iniquidade contra o justo: * com soberba e com desprezo.
30	30:20	Quam magna multitúdo dulcédinis tuæ, Dómine, * quam abscondísti timéntibus te.	Como é grande, Senhor, a multidão da vossa doçura, * que escondestes para os que vos temem!
30	30:20b	Perfecísti eis, qui sperant in te, * in conspéctu filiórum hóminum.	Vós a aperfeiçoastes para os que esperam em vós, * à vista dos filhos dos homens.
30	30:21	Abscóndes eos in abscóndito faciéi tuæ * a conturbatióne hóminum.	Vós os escondereis no lugar escondido da vossa face, * longe da perturbação dos homens.
30	30:21b	Próteges eos in tabernáculo tuo * a contradictióne linguárum.	Vós os protegereis na vossa tenda, * da contenda das línguas.
30	30:22	Benedíctus Dóminus: * quóniam mirificávit misericórdiam suam mihi in civitáte muníta.	Bendito o Senhor: * porque fez maravilhosa a sua misericórdia para mim numa cidade fortificada.
30	30:23	Ego autem dixi in excéssu mentis meæ: * Projéctus sum a fácie oculórum tuórum.	Eu, porém, disse, fora de mim: * Fui lançado para longe da face dos vossos olhos.
30	30:23b	Ídeo exaudísti vocem oratiónis meæ, * dum clamárem ad te.	Por isso escutastes a voz da minha oração, * quando eu clamava a vós.
30	30:24	Dilígite Dóminum omnes sancti ejus: * quóniam veritátem requíret Dóminus, et retríbuet abundánter faciéntibus supérbiam.	Amai o Senhor, vós, todos os seus santos: * porque o Senhor procurará a verdade, e retribuirá abundantemente aos que agem com soberba.
30	30:25	Viríliter ágite, et confortétur cor vestrum, * omnes, qui sperátis in Dómino.	Portai-vos como homens, e que o vosso coração se fortaleça, * todos vós que esperais no Senhor.
31	31:1	Beáti quorum remíssæ sunt iniquitátes: * et quorum tecta sunt peccáta.	Bem-aventurados aqueles cujas iniquidades foram perdoadas: * e cujos pecados foram cobertos.
31	31:2	Beátus vir, cui non imputávit Dóminus peccátum, * nec est in spíritu ejus dolus.	Bem-aventurado o homem a quem o Senhor não atribuiu pecado, * e em cujo espírito não há engano.
31	31:3	Quóniam tácui, inveteravérunt ossa mea, * dum clamárem tota die.	Porque me calei, os meus ossos envelheceram, * enquanto eu clamava o dia todo.
31	31:4	Quóniam die ac nocte graváta est super me manus tua: * convérsus sum in ærúmna mea, dum confígitur spina.	Porque de dia e de noite a vossa mão ficou pesada sobre mim: * voltei-me no meu sofrimento, enquanto se crava o espinho.
31	31:5	Delíctum meum cógnitum tibi feci: * et injustítiam meam non abscóndi.	Dei-vos a conhecer a minha falta: * e não escondi a minha injustiça.
31	31:5b	Dixi: Confitébor advérsum me injustítiam meam Dómino: * et tu remisísti impietátem peccáti mei.	Disse: Contra mim mesmo, confessarei ao Senhor a minha injustiça: * e vós perdoastes a impiedade do meu pecado.
31	31:6	Pro hac orábit ad te omnis sanctus, * in témpore opportúno.	Por isto, todo santo orará a vós, * no tempo oportuno.
31	31:6b	Verúmtamen in dilúvio aquárum multárum, * ad eum non approximábunt.	Todavia, no dilúvio das muitas águas, * não se aproximarão dele.
31	31:7	Tu es refúgium meum a tribulatióne, quæ circúmdedit me: * exsultátio mea, érue me a circumdántibus me.	Vós sois o meu refúgio contra a tribulação que me cercou: * ó minha exultação, arrancai-me dos que me cercam.
31	31:8	Intelléctum tibi dabo, et ínstruam te in via hac, qua gradiéris: * firmábo super te óculos meos.	Eu te darei entendimento, e te instruirei neste caminho por onde andarás: * firmarei sobre ti os meus olhos.
31	31:9	Nolíte fíeri sicut equus et mulus, * quibus non est intelléctus.	Não vos torneis como o cavalo e o mulo, * que não têm entendimento.
31	31:9b	In camo et freno maxíllas eórum constrínge, * qui non appróximant ad te.	Com cabresto e freio, apertai as maxilas deles, * que não se aproximam de vós.
31	31:10	Multa flagélla peccatóris, * sperántem autem in Dómino misericórdia circúmdabit.	Os flagelos do pecador são muitos, * mas a misericórdia cercará aquele que espera no Senhor.
31	31:11	Lætámini in Dómino et exsultáte, justi, * et gloriámini, omnes recti corde.	Alegrai-vos no Senhor e exultai, ó justos, * e gloriai-vos, todos os retos de coração.
32	32:1	Exsultáte, justi, in Dómino: * rectos decet collaudátio.	Exultai no Senhor, ó justos: * aos retos convém louvar.
32	32:2	Confitémini Dómino in cíthara: * in psaltério decem chordárum psállite illi.	Com a cítara dai graças ao Senhor: * com o saltério de dez cordas entoai-lhe salmos.
32	32:3	Cantáte ei cánticum novum: * bene psállite ei in vociferatióne.	Cantai-lhe um cântico novo: * entoai-lhe bem os salmos com aclamação.
32	32:4	Quia rectum est verbum Dómini, * et ómnia ópera ejus in fide.	Porque a palavra do Senhor é reta, * e todas as suas obras são feitas com fidelidade.
32	32:5	Díligit misericórdiam et judícium: * misericórdia Dómini plena est terra.	Ele ama a misericórdia e o juízo: * a terra está cheia da misericórdia do Senhor.
32	32:6	Verbo Dómini cæli firmáti sunt: * et spíritu oris ejus omnis virtus eórum.	Pela palavra do Senhor os céus foram firmados: * e pelo espírito da sua boca foi firmado todo o poder deles.
32	32:7	Cóngregans sicut in utre aquas maris: * ponens in thesáuris abýssos.	Ele junta como num odre as águas do mar: * põe em depósitos os abismos.
32	32:8	Tímeat Dóminum omnis terra: * ab eo autem commoveántur omnes inhabitántes orbem.	Toda a terra tema o Senhor: * e todos os que habitam o mundo sejam abalados por ele.
32	32:9	Quóniam ipse dixit, et facta sunt: * ipse mandávit, et creáta sunt.	Porque ele disse, e as coisas foram feitas: * ele ordenou, e foram criadas.
32	32:10	Dóminus díssipat consília géntium: * réprobat autem cogitatiónes populórum, et réprobat consília príncipum.	O Senhor dissipa os desígnios das nações: * e rejeita os pensamentos dos povos, e rejeita os desígnios dos príncipes.
32	32:11	Consílium autem Dómini in ætérnum manet: * cogitatiónes cordis ejus in generatióne et generatiónem.	Mas o desígnio do Senhor permanece para sempre: * os pensamentos do seu coração, de geração em geração.
32	32:12	Beáta gens, cujus est Dóminus, Deus ejus: * pópulus, quem elégit in hereditátem sibi.	Bem-aventurada a nação cujo Deus é o Senhor: * o povo que ele escolheu como sua herança.
32	32:13	De cælo respéxit Dóminus: * vidit omnes fílios hóminum.	Do céu olhou o Senhor: * viu todos os filhos dos homens.
32	32:14	De præparáto habitáculo suo * respéxit super omnes, qui hábitant terram.	Da sua morada preparada * olhou para todos os que habitam a terra.
32	32:15	Qui finxit sigillátim corda eórum: * qui intéllegit ómnia ópera eórum.	Ele, que formou os corações deles um por um: * que entende todas as obras deles.
32	32:16	Non salvátur rex per multam virtútem: * et gigas non salvábitur in multitúdine virtútis suæ.	Por muito poder não se salva o rei: * e o gigante não será salvo na multidão do seu poder.
32	32:17	Fallax equus ad salútem: * in abundántia autem virtútis suæ non salvábitur.	Enganoso é o cavalo para a salvação: * e na abundância do seu poder não será salvo.
32	32:18	Ecce, óculi Dómini super metuéntes eum: * et in eis, qui sperant super misericórdia ejus:	Eis os olhos do Senhor sobre os que o temem: * e sobre os que esperam na sua misericórdia:
32	32:19	Ut éruat a morte ánimas eórum: * et alat eos in fame.	Para arrancar da morte as almas deles: * e alimentá-los na fome.
32	32:20	Ánima nostra sústinet Dóminum: * quóniam adjútor et protéctor noster est.	A nossa alma espera pelo Senhor: * porque o nosso auxílio e protetor é ele.
32	32:21	Quia in eo lætábitur cor nostrum: * et in nómine sancto ejus sperávimus.	Porque nele se alegrará o nosso coração: * e no seu santo nome esperamos.
32	32:22	Fiat misericórdia tua, Dómine, super nos: * quemádmodum sperávimus in te.	Seja sobre nós, Senhor, a vossa misericórdia: * assim como esperamos em vós.
33	33:2	Benedícam Dóminum in omni témpore: * semper laus ejus in ore meo.	Bendirei o Senhor em todo tempo: * o seu louvor estará sempre na minha boca.
33	33:3	In Dómino laudábitur ánima mea: * áudiant mansuéti, et læténtur.	No Senhor será louvada a minha alma: * ouçam os mansos, e se alegrem.
33	33:4	Magnificáte Dóminum mecum: * et exaltémus nomen ejus in idípsum.	Engrandecei comigo o Senhor: * e exaltemos juntos o seu nome.
33	33:5	Exquisívi Dóminum, et exaudívit me: * et ex ómnibus tribulatiónibus meis erípuit me.	Procurei o Senhor, e ele me escutou: * e me arrancou de todas as minhas tribulações.
33	33:6	Accédite ad eum, et illuminámini: * et fácies vestræ non confundéntur.	Aproximai-vos dele, e deixai-vos iluminar: * e as vossas faces não serão envergonhadas.
33	33:7	Iste pauper clamávit, et Dóminus exaudívit eum: * et de ómnibus tribulatiónibus ejus salvávit eum.	Este pobre clamou, e o Senhor o escutou: * e o salvou de todas as suas tribulações.
33	33:8	Immíttet Ángelus Dómini in circúitu timéntium eum: * et erípiet eos.	O anjo do Senhor acampará ao redor dos que o temem: * e os libertará.
33	33:9	Gustáte, et vidéte quóniam suávis est Dóminus: * beátus vir, qui sperat in eo.	Provai, e vede que o Senhor é suave: * bem-aventurado o homem que espera nele.
33	33:10	Timéte Dóminum, omnes sancti ejus: * quóniam non est inópia timéntibus eum.	Temei o Senhor, vós, todos os seus santos: * porque nada falta aos que o temem.
33	33:11	Dívites eguérunt et esuriérunt: * inquiréntes autem Dóminum non minuéntur omni bono.	Os ricos passaram necessidade e fome: * mas os que procuram o Senhor não serão privados de bem algum.
33	33:12	Veníte, fílii, audíte me: * timórem Dómini docébo vos.	Vinde, filhos, ouvi-me: * eu vos ensinarei o temor do Senhor.
33	33:13	Quis est homo qui vult vitam: * díligit dies vidére bonos?	Quem é o homem que quer a vida: * que ama ver dias bons?
33	33:14	Próhibe linguam tuam a malo: * et lábia tua ne loquántur dolum.	Retém a tua língua do mal: * e os teus lábios não falem engano.
33	33:15	Divérte a malo, et fac bonum: * inquíre pacem, et perséquere eam.	Aparta-te do mal, e faz o bem: * procura a paz, e persegue-a.
33	33:16	Óculi Dómini super justos: * et aures ejus in preces eórum.	Os olhos do Senhor estão sobre os justos: * e os seus ouvidos, voltados para as preces deles.
33	33:17	Vultus autem Dómini super faciéntes mala: * ut perdat de terra memóriam eórum.	Mas o rosto do Senhor está sobre os que fazem o mal: * para fazer perecer da terra a memória deles.
33	33:18	Clamavérunt justi, et Dóminus exaudívit eos: * et ex ómnibus tribulatiónibus eórum liberávit eos.	Clamaram os justos, e o Senhor os escutou: * e os livrou de todas as suas tribulações.
33	33:19	Juxta est Dóminus iis, qui tribuláto sunt corde: * et húmiles spíritu salvábit.	O Senhor está perto dos que têm o coração atribulado: * e os humildes de espírito salvará.
33	33:20	Multæ tribulatiónes justórum: * et de ómnibus his liberábit eos Dóminus.	Muitas são as tribulações dos justos: * e de todas elas os livrará o Senhor.
33	33:21	Custódit Dóminus ómnia ossa eórum: * unum ex his non conterétur.	O Senhor guarda todos os ossos deles: * nem um deles será quebrado.
33	33:22	Mors peccatórum péssima: * et qui odérunt justum, delínquent.	Péssima é a morte dos pecadores: * e os que odeiam o justo cometerão faltas.
33	33:23	Rédimet Dóminus ánimas servórum suórum: * et non delínquent omnes qui sperant in eo.	O Senhor resgatará as almas dos seus servos: * e nenhum dos que esperam nele cometerá falta.
34	34:1	Júdica, Dómine, nocéntes me, * expúgna impugnántes me.	Julgai, Senhor, os que me fazem mal, * combatei os que me combatem.
34	34:2	Apprehénde arma et scutum: * et exsúrge in adjutórium mihi.	Empunhai as armas e o escudo: * e levantai-vos em meu auxílio.
34	34:3	Effúnde frámeam, et conclúde advérsus eos, qui persequúntur me: * dic ánimæ meæ: Salus tua ego sum.	Tirai a espada, e fechai a passagem aos que me perseguem: * dizei à minha alma: Eu sou a tua salvação.
34	34:4	Confundántur et revereántur, * quæréntes ánimam meam.	Sejam envergonhados e desonrados, * os que buscam a minha alma.
34	34:4b	Avertántur retrórsum, et confundántur * cogitántes mihi mala.	Voltem para trás, e sejam envergonhados * os que pensam em males contra mim.
34	34:5	Fiant tamquam pulvis ante fáciem venti: * et Ángelus Dómini coárctans eos.	Tornem-se como o pó diante da face do vento: * e que o anjo do Senhor os aperte.
34	34:6	Fiat via illórum ténebræ et lúbricum: * et Ángelus Dómini pérsequens eos.	Torne-se o caminho deles trevas e lugar escorregadio: * e que o anjo do Senhor os persiga.
34	34:7	Quóniam gratis abscondérunt mihi intéritum láquei sui: * supervácue exprobravérunt ánimam meam.	Porque sem motivo esconderam para mim a destruição do seu laço: * em vão afrontaram a minha alma.
34	34:8	Véniat illi láqueus, quem ignórat: et cáptio, quam abscóndit, apprehéndat eum: * et in láqueum cadat in ipsum.	Venha sobre ele o laço que desconhece: e o apanhe a armadilha que escondeu: * e ele caia nesse mesmo laço.
34	34:9	Ánima autem mea exsultábit in Dómino: * et delectábitur super salutári suo.	A minha alma, porém, exultará no Senhor: * e se deleitará na sua salvação.
34	34:10	Ómnia ossa mea dicent: * Dómine, quis símilis tibi?	Todos os meus ossos dirão: * Senhor, quem é semelhante a vós?
34	34:10b	Erípiens ínopem de manu fortiórum ejus: * egénum et páuperem a diripiéntibus eum.	Vós que arrancais o carente da mão dos mais fortes que ele: * o necessitado e o pobre dos que o saqueiam.
34	34:11	Surgéntes testes iníqui, * quæ ignorábam interrogábant me.	Levantando-se testemunhas iníquas, * interrogavam-me sobre o que eu desconhecia.
34	34:12	Retribuébant mihi mala pro bonis: * sterilitátem ánimæ meæ.	Retribuíam-me males por bens: * esterilidade para a minha alma.
34	34:13	Ego autem cum mihi molésti essent, * induébar cilício.	Eu, porém, quando me importunavam, * vestia-me de cilício.
34	34:13b	Humiliábam in jejúnio ánimam meam: * et orátio mea in sinu meo convertétur.	Humilhava com o jejum a minha alma: * e a minha oração voltará ao meu seio.
34	34:14	Quasi próximum, et quasi fratrem nostrum, sic complacébam: * quasi lugens et contristátus, sic humiliábar.	Assim eu agradava, como a um próximo, e como a um irmão nosso: * assim eu me humilhava, como quem está de luto e entristecido.
34	34:15	Et advérsum me lætáti sunt, et convenérunt: * congregáta sunt super me flagélla, et ignorávi.	E contra mim se alegraram, e se reuniram: * juntaram-se sobre mim os flagelos, e eu não soube.
34	34:16	Dissipáti sunt, nec compúncti, tentavérunt me, subsannavérunt me subsannatióne: * frenduérunt super me déntibus suis.	Foram dispersos, e não compungidos, puseram-me à prova, zombaram de mim com zombaria: * rangeram contra mim os seus dentes.
34	34:17	Dómine, quando respícies? * restítue ánimam meam a malignitáte eórum, a leónibus únicam meam.	Senhor, quando olhareis? * Trazei de volta a minha alma da maldade deles, a minha única, dos leões.
34	34:18	Confitébor tibi in ecclésia magna, * in pópulo gravi laudábo te.	Eu vos darei graças na grande assembleia, * num povo numeroso vos louvarei.
34	34:19	Non supergáudeant mihi qui adversántur mihi iníque: * qui odérunt me gratis et ánnuunt óculis.	Não se alegrem à minha custa os que injustamente se opõem a mim: * os que me odeiam sem motivo e fazem sinais com os olhos.
34	34:20	Quóniam mihi quidem pacífice loquebántur: * et in iracúndia terræ loquéntes, dolos cogitábant.	Porque, na verdade, me falavam pacificamente: * e, falando na ira da terra, pensavam em enganos.
34	34:21	Et dilatavérunt super me os suum: * dixérunt: Euge, euge, vidérunt óculi nostri.	E escancararam contra mim a sua boca: * disseram: Que bom, que bom, os nossos olhos viram.
34	34:22	Vidísti, Dómine, ne síleas: * Dómine, ne discédas a me.	Vós vistes, Senhor, não fiqueis em silêncio: * Senhor, não vos afasteis de mim.
34	34:23	Exsúrge et inténde judício meo: * Deus meus, et Dóminus meus in causam meam.	Levantai-vos e atendei ao meu juízo: * meu Deus e meu Senhor, à minha causa.
34	34:24	Júdica me secúndum justítiam tuam, Dómine, Deus meus, * et non supergáudeant mihi.	Julgai-me segundo a vossa justiça, Senhor, meu Deus, * e não se alegrem à minha custa.
34	34:25	Non dicant in córdibus suis: Euge, euge, ánimæ nostræ: * nec dicant: Devorávimus eum.	Não digam nos seus corações: Que bom, que bom, para a nossa alma: * nem digam: Nós o devoramos.
34	34:26	Erubéscant et revereántur simul, * qui gratulántur malis meis.	Corem e sejam desonrados juntos, * os que festejam os meus males.
34	34:26b	Induántur confusióne et reveréntia * qui magna loquúntur super me.	Vistam-se de vergonha e de desonra * os que falam grandezas contra mim.
34	34:27	Exsúltent et læténtur qui volunt justítiam meam: * et dicant semper: Magnificétur Dóminus qui volunt pacem servi ejus.	Exultem e alegrem-se os que querem a minha justiça: * e digam sempre os que querem a paz do seu servo: Engrandecido seja o Senhor.
34	34:28	Et lingua mea meditábitur justítiam tuam, * tota die laudem tuam.	E a minha língua meditará a vossa justiça, * o vosso louvor o dia todo.
35	35:2	Dixit injústus ut delínquat in semetípso: * non est timor Dei ante óculos ejus.	Disse o injusto que cometeria faltas em si mesmo: * não há temor de Deus diante dos seus olhos.
35	35:3	Quóniam dolóse egit in conspéctu ejus: * ut inveniátur iníquitas ejus ad ódium.	Porque agiu com engano à sua vista: * para que a sua iniquidade seja encontrada para ser odiada.
35	35:4	Verba oris ejus iníquitas, et dolus: * nóluit intellégere ut bene ágeret.	As palavras da sua boca são iniquidade e engano: * não quis entender para agir bem.
35	35:5	Iniquitátem meditátus est in cubíli suo: * ástitit omni viæ non bonæ, malítiam autem non odívit.	Meditou a iniquidade no seu leito: * pôs-se em todo caminho que não é bom, mas não odiou a malícia.
35	35:6	Dómine, in cælo misericórdia tua: * et véritas tua usque ad nubes.	Senhor, no céu está a vossa misericórdia: * e a vossa verdade, até as nuvens.
35	35:7	Justítia tua sicut montes Dei: * judícia tua abýssus multa.	A vossa justiça é como os montes de Deus: * os vossos juízos são um grande abismo.
35	35:7b	Hómines, et juménta salvábis, Dómine: * quemádmodum multiplicásti misericórdiam tuam, Deus.	Salvareis os homens e os animais, Senhor: * como multiplicastes a vossa misericórdia, ó Deus!
35	35:8	Fílii autem hóminum, * in tégmine alárum tuárum sperábunt.	Mas os filhos dos homens * esperarão ao abrigo das vossas asas.
35	35:9	Inebriabúntur ab ubertáte domus tuæ: * et torrénte voluptátis tuæ potábis eos.	Serão embriagados com a fartura da vossa casa: * e da torrente das vossas delícias lhes dareis de beber.
35	35:10	Quóniam apud te est fons vitæ: * et in lúmine tuo vidébimus lumen.	Porque junto de vós está a fonte da vida: * e na vossa luz veremos a luz.
35	35:11	Præténde misericórdiam tuam sciéntibus te, * et justítiam tuam his, qui recto sunt corde.	Estendei a vossa misericórdia aos que vos conhecem, * e a vossa justiça aos que são retos de coração.
35	35:12	Non véniat mihi pes supérbiæ: * et manus peccatóris non móveat me.	Não venha a mim o pé da soberba: * e a mão do pecador não me abale.
35	35:13	Ibi cecidérunt qui operántur iniquitátem: * expúlsi sunt, nec potuérunt stare.	Ali caíram os que praticam a iniquidade: * foram expulsos, e não puderam estar de pé.
36	36:1	Noli æmulári in malignántibus: * neque zeláveris faciéntes iniquitátem.	Não tenhas inveja dos malvados: * nem invejes os que fazem a iniquidade.
36	36:2	Quóniam tamquam fænum velóciter aréscent: * et quemádmodum ólera herbárum cito décident.	Porque, como o feno, depressa secarão: * e, como as ervas verdes, logo cairão.
36	36:3	Spera in Dómino, et fac bonitátem: * et inhábita terram, et pascéris in divítiis ejus.	Espera no Senhor, e usa de bondade: * e habita a terra, e serás apascentado nas suas riquezas.
36	36:4	Delectáre in Dómino: * et dabit tibi petitiónes cordis tui.	Deleita-te no Senhor: * e ele te dará as petições do teu coração.
36	36:5	Revéla Dómino viam tuam, et spera in eo: * et ipse fáciet.	Revela ao Senhor o teu caminho, e espera nele: * e ele fará.
36	36:6	Et edúcet quasi lumen justítiam tuam: et judícium tuum tamquam merídiem: * súbditus esto Dómino, et ora eum.	E fará sair a tua justiça como a luz, e o teu juízo como o meio-dia: * sê sujeito ao Senhor, e ora a ele.
36	36:7	Noli æmulári in eo, qui prosperátur in via sua: * in hómine faciénte injustítias.	Não tenhas inveja daquele que prospera no seu caminho: * do homem que faz injustiças.
36	36:8	Désine ab ira, et derelínque furórem: * noli æmulári ut malignéris.	Deixa a ira, e abandona o furor: * não tenhas inveja, a ponto de fazeres o mal.
36	36:9	Quóniam qui malignántur, exterminabúntur: * sustinéntes autem Dóminum, ipsi hereditábunt terram.	Porque os que fazem o mal serão exterminados: * mas os que esperam pelo Senhor, esses herdarão a terra.
36	36:10	Et adhuc pusíllum, et non erit peccátor: * et quæres locum ejus et non invénies.	E mais um pouco, e o pecador não existirá: * e buscarás o seu lugar, e não o encontrarás.
36	36:11	Mansuéti autem hereditábunt terram: * et delectabúntur in multitúdine pacis.	Mas os mansos herdarão a terra: * e se deleitarão na multidão da paz.
36	36:12	Observábit peccátor justum: * et stridébit super eum déntibus suis.	O pecador espreitará o justo: * e rangerá os seus dentes contra ele.
36	36:13	Dóminus autem irridébit eum: * quóniam próspicit quod véniet dies ejus.	Mas o Senhor rirá dele: * porque prevê que virá o seu dia.
36	36:14	Gládium evaginavérunt peccatóres: * intendérunt arcum suum,	Os pecadores desembainharam a espada: * armaram o seu arco,
36	36:14b	Ut deíciant páuperem et ínopem: * ut trucídent rectos corde.	Para abater o pobre e o indigente: * para massacrar os retos de coração.
36	36:15	Gládius eórum intret in corda ipsórum: * et arcus eórum confringátur.	Que a espada deles entre nos seus próprios corações: * e o arco deles seja quebrado.
36	36:16	Mélius est módicum justo, * super divítias peccatórum multas.	Melhor é o pouco para o justo, * do que as muitas riquezas dos pecadores.
36	36:17	Quóniam brácchia peccatórum conteréntur: * confírmat autem justos Dóminus.	Porque os braços dos pecadores serão quebrados: * mas o Senhor sustenta os justos.
36	36:18	Novit Dóminus dies immaculatórum: * et heréditas eórum in ætérnum erit.	O Senhor conhece os dias dos imaculados: * e a herança deles será para sempre.
36	36:19	Non confundéntur in témpore malo, et in diébus famis saturabúntur: * quia peccatóres períbunt.	Não serão envergonhados no tempo mau, e nos dias de fome serão saciados: * porque os pecadores perecerão.
36	36:20	Inimíci vero Dómini mox ut honorificáti fúerint et exaltáti: * deficiéntes, quemádmodum fumus defícient.	Os inimigos do Senhor, porém, logo que forem honrados e exaltados: * desfalecendo, desfalecerão como a fumaça.
36	36:21	Mutuábitur peccátor, et non solvet: * justus autem miserétur et tríbuet.	O pecador tomará emprestado, e não pagará: * mas o justo tem piedade, e dará.
36	36:22	Quia benedicéntes ei hereditábunt terram: * maledicéntes autem ei disperíbunt.	Porque os que o bendizem herdarão a terra: * mas os que o maldizem perecerão de todo.
36	36:23	Apud Dóminum gressus hóminis dirigéntur: * et viam ejus volet.	Junto do Senhor serão dirigidos os passos do homem: * e ele quererá o seu caminho.
36	36:24	Cum cecíderit non collidétur: * quia Dóminus suppónit manum suam.	Quando cair, não será esmagado: * porque o Senhor põe a sua mão por baixo.
36	36:25	Júnior fui, étenim sénui: * et non vidi justum derelíctum, nec semen ejus quærens panem.	Fui jovem, e de fato envelheci: * e não vi o justo abandonado, nem a sua descendência buscando pão.
36	36:26	Tota die miserétur et cómmodat: * et semen illíus in benedictióne erit.	O dia todo tem piedade e empresta: * e a sua descendência será abençoada.
36	36:27	Declína a malo, et fac bonum: * et inhábita in sǽculum sǽculi.	Aparta-te do mal, e faz o bem: * e habita pelos séculos dos séculos.
36	36:28	Quia Dóminus amat judícium, et non derelínquet sanctos suos: * in ætérnum conservabúntur.	Porque o Senhor ama o juízo, e não abandonará os seus santos: * para sempre serão conservados.
36	36:28b	Injústi puniéntur: * et semen impiórum períbit.	Os injustos serão punidos: * e a descendência dos ímpios perecerá.
36	36:29	Justi autem hereditábunt terram: * et inhabitábunt in sǽculum sǽculi super eam.	Mas os justos herdarão a terra: * e habitarão sobre ela pelos séculos dos séculos.
36	36:30	Os justi meditábitur sapiéntiam, * et lingua ejus loquétur judícium.	A boca do justo meditará a sabedoria, * e a sua língua falará o juízo.
36	36:31	Lex Dei ejus in corde ipsíus, * et non supplantabúntur gressus ejus.	A lei do seu Deus está no seu coração, * e os seus passos não serão derrubados.
36	36:32	Consíderat peccátor justum: * et quærit mortificáre eum.	O pecador observa o justo: * e busca dar-lhe a morte.
36	36:33	Dóminus autem non derelínquet eum in mánibus ejus: * nec damnábit eum, cum judicábitur illi.	Mas o Senhor não o abandonará nas mãos dele: * nem o condenará, quando for julgado.
36	36:34	Exspécta Dóminum, et custódi viam ejus: et exaltábit te ut hereditáte cápias terram: * cum períerint peccatóres vidébis.	Aguarda o Senhor, e guarda o seu caminho: e te exaltará, para que tomes a terra por herança: * quando os pecadores perecerem, verás.
36	36:35	Vidi ímpium superexaltátum, * et elevátum sicut cedros Líbani.	Vi o ímpio muito exaltado, * e elevado como os cedros do Líbano.
36	36:36	Et transívi, et ecce non erat: * et quæsívi eum, et non est invéntus locus ejus.	E passei, e eis que não existia: * e o busquei, e não foi encontrado o seu lugar.
36	36:37	Custódi innocéntiam, et vide æquitátem: * quóniam sunt relíquiæ hómini pacífico.	Guarda a inocência, e vê a equidade: * porque há um resto para o homem de paz.
36	36:38	Injústi autem disperíbunt simul: * relíquiæ impiórum interíbunt.	Mas os injustos juntos perecerão de todo: * o resto dos ímpios se extinguirá.
36	36:39	Salus autem justórum a Dómino: * et protéctor eórum in témpore tribulatiónis.	A salvação dos justos, porém, vem do Senhor: * e ele é o protetor deles no tempo da tribulação.
36	36:40	Et adjuvábit eos Dóminus et liberábit eos: * et éruet eos a peccatóribus, et salvábit eos: quia speravérunt in eo.	E o Senhor os auxiliará, e os livrará: * e os arrancará dos pecadores, e os salvará: porque esperaram nele.
53	53:3	Deus, in nómine tuo salvum me fac: * et in virtúte tua júdica me.	Deus, no vosso nome salvai-me: * e julgai-me no vosso poder.
53	53:4	Deus, exáudi oratiónem meam: * áuribus pércipe verba oris mei.	Deus, escutai a minha oração: * dai ouvidos às palavras da minha boca.
53	53:5	Quóniam aliéni insurrexérunt advérsum me, et fortes quæsiérunt ánimam meam: * et non proposuérunt Deum ante conspéctum suum.	Porque estranhos se levantaram contra mim, e fortes buscaram a minha alma: * e não puseram Deus diante da sua vista.
53	53:6	Ecce enim, Deus ádjuvat me: * et Dóminus suscéptor est ánimæ meæ.	Pois eis que Deus me auxilia: * e o Senhor é o amparo da minha alma.
53	53:7	Avérte mala inimícis meis: * et in veritáte tua dispérde illos.	Desviai os males para os meus inimigos: * e na vossa verdade exterminai-os.
53	53:8	Voluntárie sacrificábo tibi, * et confitébor nómini tuo, Dómine: quóniam bonum est:	De livre vontade sacrificarei a vós, * e darei graças, Senhor, ao vosso nome: porque é bom:
53	53:9	Quóniam ex omni tribulatióne eripuísti me: * et super inimícos meos despéxit óculus meus.	Porque de toda tribulação me arrancastes: * e o meu olho olhou de cima para os meus inimigos.
90	90:1	Qui hábitat in adjutório Altíssimi, * in protectióne Dei cæli commorábitur.	Quem habita no auxílio do Altíssimo, * na proteção do Deus do céu permanecerá.
90	90:2	Dicet Dómino: Suscéptor meus es tu, et refúgium meum: * Deus meus sperábo in eum.	Dirá ao Senhor: Vós sois o meu amparo e o meu refúgio: * o meu Deus, nele esperarei.
90	90:3	Quóniam ipse liberávit me de láqueo venántium, * et a verbo áspero.	Porque ele mesmo me livrou do laço dos caçadores, * e da palavra áspera.
90	90:4	Scápulis suis obumbrábit tibi: * et sub pennis ejus sperábis.	Com os seus ombros te fará sombra: * e sob as suas asas esperarás.
90	90:5	Scuto circúmdabit te véritas ejus: * non timébis a timóre noctúrno,	A sua verdade te cercará com um escudo: * não temerás o temor noturno,
90	90:6	A sagítta volánte in die, † a negótio perambulánte in ténebris: * ab incúrsu, et dæmónio meridiáno.	A seta que voa de dia, † a coisa que anda pelas trevas: * a investida, e o demônio do meio-dia.
90	90:7	Cadent a látere tuo mille, † et decem míllia a dextris tuis: * ad te autem non appropinquábit.	Cairão mil ao teu lado, † e dez mil à tua direita: * mas de ti não se aproximará.
90	90:8	Verúmtamen óculis tuis considerábis: * et retributiónem peccatórum vidébis.	Todavia, com os teus olhos contemplarás: * e verás a retribuição dos pecadores.
90	90:9	Quóniam tu es, Dómine, spes mea: * Altíssimum posuísti refúgium tuum.	Porque vós sois, Senhor, a minha esperança: * tu puseste o Altíssimo por teu refúgio.
90	90:10	Non accédet ad te malum: * et flagéllum non appropinquábit tabernáculo tuo.	O mal não chegará a ti: * e o flagelo não se aproximará da tua tenda.
90	90:11	Quóniam Ángelis suis mandávit de te: * ut custódiant te in ómnibus viis tuis.	Porque deu ordem aos seus anjos a teu respeito: * para que te guardem em todos os teus caminhos.
90	90:12	In mánibus portábunt te: * ne forte offéndas ad lápidem pedem tuum.	Nas mãos te levarão: * para que não venhas a bater o teu pé numa pedra.
90	90:13	Super áspidem, et basilíscum ambulábis: * et conculcábis leónem et dracónem.	Andarás sobre a áspide e o basilisco: * e calcarás aos pés o leão e o dragão.
90	90:14	Quóniam in me sperávit, liberábo eum: * prótegam eum, quóniam cognóvit nomen meum.	Porque esperou em mim, eu o livrarei: * eu o protegerei, porque conheceu o meu nome.
90	90:15	Clamábit ad me, et ego exáudiam eum: ‡ cum ipso sum in tribulatióne: * erípiam eum et glorificábo eum.	Clamará a mim, e eu o escutarei: ‡ com ele estou na tribulação: * eu o arrancarei e o glorificarei.
90	90:16	Longitúdine diérum replébo eum: * et osténdam illi salutáre meum.	Eu o encherei de longos dias: * e lhe mostrarei a minha salvação.
117	117:1	Confitémini Dómino quóniam bonus: * quóniam in sǽculum misericórdia ejus.	Dai graças ao Senhor, porque ele é bom: * porque é para sempre a sua misericórdia.
117	117:2	Dicat nunc Israël quóniam bonus: * quóniam in sǽculum misericórdia ejus.	Diga agora Israel: porque ele é bom, * porque é para sempre a sua misericórdia.
117	117:3	Dicat nunc domus Aaron: * quóniam in sǽculum misericórdia ejus.	Diga agora a casa de Aarão: * porque é para sempre a sua misericórdia.
117	117:4	Dicant nunc qui timent Dóminum: * quóniam in sǽculum misericórdia ejus.	Digam agora os que temem o Senhor: * porque é para sempre a sua misericórdia.
117	117:5	De tribulatióne invocávi Dóminum: * et exaudívit me in latitúdine Dóminus.	Da tribulação invoquei o Senhor: * e o Senhor me escutou na amplidão.
117	117:6	Dóminus mihi adjútor: * non timébo quid fáciat mihi homo.	O Senhor é o meu auxílio: * não temerei o que me faça o homem.
117	117:7	Dóminus mihi adjútor: * et ego despíciam inimícos meos.	O Senhor é o meu auxílio: * e eu olharei de cima os meus inimigos.
117	117:8	Bonum est confídere in Dómino, * quam confídere in hómine:	É melhor confiar no Senhor, * do que confiar no homem:
117	117:9	Bonum est speráre in Dómino, * quam speráre in princípibus.	É melhor esperar no Senhor, * do que esperar nos príncipes.
117	117:10	Omnes gentes circuiérunt me: * et in nómine Dómini quia ultus sum in eos.	Todas as nações me rodearam: * e foi em nome do Senhor que me vinguei deles.
117	117:11	Circumdántes circumdedérunt me: * et in nómine Dómini quia ultus sum in eos.	Cercando-me, eles me cercaram: * e foi em nome do Senhor que me vinguei deles.
117	117:12	Circumdedérunt me sicut apes, † et exarsérunt sicut ignis in spinis: * et in nómine Dómini quia ultus sum in eos.	Cercaram-me como abelhas, † e se inflamaram como fogo em espinhos: * e foi em nome do Senhor que me vinguei deles.
117	117:13	Impúlsus evérsus sum ut cáderem: * et Dóminus suscépit me.	Empurrado, fui derrubado para cair: * e o Senhor me amparou.
117	117:14	Fortitúdo mea, et laus mea Dóminus: * et factus est mihi in salútem.	O Senhor é a minha força e o meu louvor: * e se fez salvação para mim.
117	117:15	Vox exsultatiónis, et salútis * in tabernáculis justórum.	Voz de exultação e de salvação * nas tendas dos justos.
117	117:16	Déxtera Dómini fecit virtútem: † déxtera Dómini exaltávit me, * déxtera Dómini fecit virtútem.	A direita do Senhor agiu com poder: † a direita do Senhor me exaltou, * a direita do Senhor agiu com poder.
117	117:17	Non móriar, sed vivam: * et narrábo ópera Dómini.	Não morrerei, mas viverei: * e narrarei as obras do Senhor.
117	117:18	Castígans castigávit me Dóminus: * et morti non trádidit me.	Castigando, castigou-me o Senhor: * e à morte não me entregou.
117	117:19	Aperíte mihi portas justítiæ, † ingréssus in eas confitébor Dómino: * (20) hæc porta Dómini, justi intrábunt in eam.	Abri-me as portas da justiça, † tendo entrado por elas, darei graças ao Senhor: * esta é a porta do Senhor, os justos entrarão por ela.
117	117:21	Confitébor tibi quóniam exaudísti me: * et factus es mihi in salútem.	Eu vos darei graças, porque me escutastes: * e vos fizestes salvação para mim.
117	117:22	Lápidem, quem reprobavérunt ædificántes: * hic factus est in caput ánguli.	A pedra que os construtores rejeitaram: * esta se fez cabeça do ângulo.
117	117:23	A Dómino factum est istud: * et est mirábile in óculis nostris.	Isto foi feito pelo Senhor: * e é maravilhoso aos nossos olhos.
117	117:24	Hæc est dies, quam fecit Dóminus: * exsultémus, et lætémur in ea.	Este é o dia que o Senhor fez: * exultemos e alegremo-nos nele.
117	117:25	O Dómine, salvum me fac, † o Dómine, bene prosperáre: * (26a) benedíctus qui venit in nómine Dómini.	Ó Senhor, salvai-me, † ó Senhor, fazei prosperar bem: * bendito o que vem em nome do Senhor.
117	117:26b	Benedíximus vobis de domo Dómini: * (27a) Deus Dóminus, et illúxit nobis.	Nós vos bendissemos da casa do Senhor: * o Senhor é Deus, e brilhou para nós.
117	117:27b	Constitúite diem solémnem in condénsis, * usque ad cornu altáris.	Estabelecei um dia solene entre ramos densos, * até o chifre do altar.
117	117:28a	Deus meus es tu, et confitébor tibi: * Deus meus es tu, et exaltábo te.	Vós sois o meu Deus, e eu vos darei graças: * vós sois o meu Deus, e eu vos exaltarei.
117	117:28b	Confitébor tibi quóniam exaudísti me * et factus es mihi in salútem.	Eu vos darei graças, porque me escutastes * e vos fizestes salvação para mim.
117	117:29	Confitémini Dómino quóniam bonus: * quóniam in sǽculum misericórdia ejus.	Dai graças ao Senhor, porque ele é bom: * porque é para sempre a sua misericórdia.
118	118:1	(Aleph) Beáti immaculáti in via: * qui ámbulant in lege Dómini.	Bem-aventurados os imaculados no caminho: * os que andam na lei do Senhor.
118	118:2	Beáti, qui scrutántur testimónia ejus: * in toto corde exquírunt eum.	Bem-aventurados os que sondam os seus testemunhos: * de todo o coração o procuram.
118	118:3	Non enim qui operántur iniquitátem, * in viis ejus ambulavérunt.	Pois os que praticam a iniquidade, * não andaram nos seus caminhos.
118	118:4	Tu mandásti * mandáta tua custodíri nimis.	Vós mandastes * que os vossos mandamentos se guardem à risca.
118	118:5	Útinam dirigántur viæ meæ, * ad custodiéndas justificatiónes tuas!	Oxalá os meus caminhos sejam dirigidos, * para que eu guarde os vossos preceitos!
118	118:6	Tunc non confúndar, * cum perspéxero in ómnibus mandátis tuis.	Então não serei envergonhado, * quando eu fitar todos os vossos mandamentos.
118	118:7	Confitébor tibi in directióne cordis: * in eo quod dídici judícia justítiæ tuæ.	Eu vos darei graças na retidão do coração: * por ter aprendido os juízos da vossa justiça.
118	118:8	Justificatiónes tuas custódiam: * non me derelínquas usquequáque.	Guardarei os vossos preceitos: * não me abandoneis de todo.
118	118:9	(Beth) In quo córrigit adolescéntior viam suam? * In custodiéndo sermónes tuos.	Com que o jovem corrige o seu caminho? * Guardando as vossas palavras.
118	118:10	In toto corde meo exquisívi te: * ne repéllas me a mandátis tuis.	De todo o meu coração vos procurei: * não me afasteis dos vossos mandamentos.
118	118:11	In corde meo abscóndi elóquia tua: * ut non peccem tibi.	No meu coração escondi o que dissestes: * para não pecar contra vós.
118	118:12	Benedíctus es, Dómine: * doce me justificatiónes tuas.	Bendito sois, Senhor: * ensinai-me os vossos preceitos.
118	118:13	In lábiis meis, * pronuntiávi ómnia judícia oris tui.	Com os meus lábios, * pronunciei todos os juízos da vossa boca.
118	118:14	In via testimoniórum tuórum delectátus sum, * sicut in ómnibus divítiis.	No caminho dos vossos testemunhos me deleitei, * como em todas as riquezas.
118	118:15	In mandátis tuis exercébor: * et considerábo vias tuas.	Nos vossos mandamentos me exercitarei: * e considerarei os vossos caminhos.
118	118:16	In justificatiónibus tuis meditábor: * non oblivíscar sermónes tuos.	Nos vossos preceitos meditarei: * não esquecerei as vossas palavras.
118	118:17	(Ghimel) Retríbue servo tuo, vivífica me: * et custódiam sermónes tuos:	Recompensai o vosso servo, vivificai-me: * e guardarei as vossas palavras:
118	118:18	Revéla óculos meos: * et considerábo mirabília de lege tua.	Desvendai os meus olhos: * e considerarei as maravilhas da vossa lei.
118	118:19	Íncola ego sum in terra: * non abscóndas a me mandáta tua.	Eu sou forasteiro na terra: * não escondais de mim os vossos mandamentos.
118	118:20	Concupívit ánima mea desideráre justificatiónes tuas, * in omni témpore.	A minha alma ansiou por desejar os vossos preceitos, * em todo tempo.
118	118:21	Increpásti supérbos: * maledícti qui declínant a mandátis tuis.	Repreendestes os soberbos: * malditos os que se apartam dos vossos mandamentos.
118	118:22	Aufer a me oppróbrium, et contémptum: * quia testimónia tua exquisívi.	Tirai de mim a afronta e o desprezo: * porque procurei os vossos testemunhos.
118	118:23	Étenim sedérunt príncipes, et advérsum me loquebántur: * servus autem tuus exercebátur in justificatiónibus tuis.	Pois os príncipes se sentaram e falavam contra mim: * mas o vosso servo se exercitava nos vossos preceitos.
118	118:24	Nam et testimónia tua meditátio mea est: * et consílium meum justificatiónes tuæ.	Pois também os vossos testemunhos são a minha meditação: * e os vossos preceitos são o meu conselho.
118	118:25	(Daleth) Adhǽsit paviménto ánima mea: * vivífica me secúndum verbum tuum.	A minha alma apegou-se ao chão: * vivificai-me segundo a vossa palavra.
118	118:26	Vias meas enuntiávi, et exaudísti me: * doce me justificatiónes tuas.	Expus os meus caminhos, e me escutastes: * ensinai-me os vossos preceitos.
118	118:27	Viam justificatiónum tuárum ínstrue me: * et exercébor in mirabílibus tuis.	Fazei-me entender o caminho dos vossos preceitos: * e me exercitarei nas vossas maravilhas.
118	118:28	Dormitávit ánima mea præ tǽdio: * confírma me in verbis tuis.	A minha alma dormitou de tédio: * confirmai-me nas vossas palavras.
118	118:29	Viam iniquitátis ámove a me: * et de lege tua miserére mei.	Afastai de mim o caminho da iniquidade: * e pela vossa lei tende piedade de mim.
118	118:30	Viam veritátis elégi: * judícia tua non sum oblítus.	Escolhi o caminho da verdade: * não esqueci os vossos juízos.
118	118:31	Adhǽsi testimóniis tuis, Dómine: * noli me confúndere.	Apeguei-me aos vossos testemunhos, Senhor: * não me envergonheis.
118	118:32	Viam mandatórum tuórum cucúrri, * cum dilatásti cor meum.	Corri o caminho dos vossos mandamentos, * quando dilatastes o meu coração.
118	118:33	(He) Legem pone mihi, Dómine, viam justificatiónum tuárum: * et exquíram eam semper.	Imponde-me por lei, Senhor, o caminho dos vossos preceitos: * e o procurarei sempre.
118	118:34	Da mihi intelléctum, et scrutábor legem tuam: * et custódiam illam in toto corde meo.	Dai-me entendimento, e sondarei a vossa lei: * e a guardarei de todo o meu coração.
118	118:35	Deduc me in sémitam mandatórum tuórum: * quia ipsam vólui.	Guiai-me à vereda dos vossos mandamentos: * porque foi ela que eu quis.
118	118:36	Inclína cor meum in testimónia tua: * et non in avarítiam.	Inclinai o meu coração para os vossos testemunhos: * e não para a avareza.
118	118:37	Avérte óculos meos ne vídeant vanitátem: * in via tua vivífica me.	Desviai os meus olhos para que não vejam a vaidade: * no vosso caminho vivificai-me.
118	118:38	Státue servo tuo elóquium tuum, * in timóre tuo.	Firmai para o vosso servo o que dissestes, * no vosso temor.
118	118:39	Ámputa oppróbrium meum quod suspicátus sum: * quia judícia tua jucúnda.	Cortai a minha afronta, que receei: * porque os vossos juízos são agradáveis.
118	118:40	Ecce, concupívi mandáta tua: * in æquitáte tua vivífica me.	Eis que ansiei pelos vossos mandamentos: * na vossa equidade vivificai-me.
118	118:41	(Vav) Et véniat super me misericórdia tua, Dómine: * salutáre tuum secúndum elóquium tuum.	E venha sobre mim a vossa misericórdia, Senhor: * a vossa salvação segundo o que dissestes.
118	118:42	Et respondébo exprobrántibus mihi verbum: * quia sperávi in sermónibus tuis.	E responderei aos que me afrontam com uma palavra: * porque esperei nas vossas palavras.
118	118:43	Et ne áuferas de ore meo verbum veritátis usquequáque: * quia in judíciis tuis supersperávi.	E da minha boca não tireis de todo a palavra da verdade: * porque pus toda a esperança nos vossos juízos.
118	118:44	Et custódiam legem tuam semper: * in sǽculum et in sǽculum sǽculi.	E guardarei sempre a vossa lei: * para sempre e pelos séculos dos séculos.
118	118:45	Et ambulábam in latitúdine: * quia mandáta tua exquisívi.	E eu andava na amplidão: * porque procurei os vossos mandamentos.
118	118:46	Et loquébar in testimóniis tuis in conspéctu regum: * et non confundébar.	E eu falava nos vossos testemunhos diante dos reis: * e não era envergonhado.
118	118:47	Et meditábar in mandátis tuis, * quæ diléxi.	E meditava nos vossos mandamentos, * que eu amei.
118	118:48	Et levávi manus meas ad mandáta tua, quæ diléxi: * et exercébar in justificatiónibus tuis.	E levantei as minhas mãos para os vossos mandamentos, que eu amei: * e me exercitava nos vossos preceitos.
118	118:49	(Zai) Memor esto verbi tui servo tuo, * in quo mihi spem dedísti.	Lembrai-vos da vossa palavra ao vosso servo, * na qual me destes esperança.
118	118:50	Hæc me consoláta est in humilitáte mea: * quia elóquium tuum vivificávit me.	Isto me consolou na minha humilhação: * porque me vivificou o que dissestes.
118	118:51	Supérbi iníque agébant usquequáque: * a lege autem tua non declinávi.	Os soberbos agiam com toda a iniquidade: * mas da vossa lei não me apartei.
118	118:52	Memor fui judiciórum tuórum a sǽculo, Dómine: * et consolátus sum.	Lembrei-me dos vossos juízos desde sempre, Senhor: * e fui consolado.
118	118:53	Deféctio ténuit me, * pro peccatóribus derelinquéntibus legem tuam.	O desfalecimento me tomou, * por causa dos pecadores que abandonam a vossa lei.
118	118:54	Cantábiles mihi erant justificatiónes tuæ, * in loco peregrinatiónis meæ.	Os vossos preceitos eram para mim dignos de canto, * no lugar da minha peregrinação.
118	118:55	Memor fui nocte nóminis tui, Dómine: * et custodívi legem tuam.	Lembrei-me de noite do vosso nome, Senhor: * e guardei a vossa lei.
118	118:56	Hæc facta est mihi: * quia justificatiónes tuas exquisívi.	Isto me aconteceu: * porque procurei os vossos preceitos.
118	118:57	(Heth) Pórtio mea, Dómine, * dixi custodíre legem tuam.	A minha porção, Senhor, * eu disse: guardar a vossa lei.
118	118:58	Deprecátus sum fáciem tuam in toto corde meo: * miserére mei secúndum elóquium tuum.	Supliquei a vossa face de todo o meu coração: * tende piedade de mim segundo o que dissestes.
118	118:59	Cogitávi vias meas: * et convérti pedes meos in testimónia tua.	Pensei nos meus caminhos: * e voltei os meus pés para os vossos testemunhos.
118	118:60	Parátus sum, et non sum turbátus: * ut custódiam mandáta tua.	Estou preparado, e não fui perturbado: * para guardar os vossos mandamentos.
118	118:61	Funes peccatórum circumpléxi sunt me: * et legem tuam non sum oblítus.	As cordas dos pecadores me envolveram: * e não esqueci a vossa lei.
118	118:62	Média nocte surgébam ad confiténdum tibi, * super judícia justificatiónis tuæ.	À meia-noite eu me levantava para vos dar graças, * pelos juízos da vossa justificação.
118	118:63	Párticeps ego sum ómnium timéntium te: * et custodiéntium mandáta tua.	Eu tenho parte com todos os que vos temem: * e com os que guardam os vossos mandamentos.
118	118:64	Misericórdia tua, Dómine, plena est terra: * justificatiónes tuas doce me.	A terra está cheia, Senhor, da vossa misericórdia: * ensinai-me os vossos preceitos.
118	118:65	(Teth) Bonitátem fecísti cum servo tuo, Dómine, * secúndum verbum tuum.	Usastes de bondade com o vosso servo, Senhor, * segundo a vossa palavra.
118	118:66	Bonitátem, et disciplínam, et sciéntiam doce me: * quia mandátis tuis crédidi.	Ensinai-me a bondade, e a disciplina, e o saber: * porque acreditei nos vossos mandamentos.
118	118:67	Priúsquam humiliárer ego delíqui: * proptérea elóquium tuum custodívi.	Antes de ser humilhado, eu cometi faltas: * por isso guardei o que dissestes.
118	118:68	Bonus es tu: * et in bonitáte tua doce me justificatiónes tuas.	Bom sois vós: * e na vossa bondade ensinai-me os vossos preceitos.
118	118:69	Multiplicáta est super me iníquitas superbórum: * ego autem in toto corde meo scrutábor mandáta tua.	A iniquidade dos soberbos multiplicou-se sobre mim: * mas eu, de todo o meu coração, sondarei os vossos mandamentos.
118	118:70	Coagulátum est sicut lac cor eórum: * ego vero legem tuam meditátus sum.	O coração deles coalhou-se como leite: * eu, porém, meditei na vossa lei.
118	118:71	Bonum mihi quia humiliásti me: * ut discam justificatiónes tuas.	Bom é para mim que me tenhais humilhado: * para que eu aprenda os vossos preceitos.
118	118:72	Bonum mihi lex oris tui, * super míllia auri et argénti.	Boa é para mim a lei da vossa boca, * mais que milhares de ouro e de prata.
118	118:73	(Joth) Manus tuæ fecérunt me, et plasmavérunt me: * da mihi intelléctum, et discam mandáta tua.	As vossas mãos me fizeram e me moldaram: * dai-me entendimento, e aprenderei os vossos mandamentos.
118	118:74	Qui timent te vidébunt me, et lætabúntur: * quia in verba tua supersperávi.	Os que vos temem me verão e se alegrarão: * porque pus toda a esperança nas vossas palavras.
118	118:75	Cognóvi, Dómine, quia ǽquitas judícia tua: * et in veritáte tua humiliásti me.	Conheci, Senhor, que os vossos juízos são equidade: * e na vossa verdade me humilhastes.
118	118:76	Fiat misericórdia tua ut consolétur me, * secúndum elóquium tuum servo tuo.	Seja a vossa misericórdia para me consolar, * segundo o que dissestes ao vosso servo.
118	118:77	Véniant mihi miseratiónes tuæ, et vivam: * quia lex tua meditátio mea est.	Venham a mim as vossas compaixões, e viverei: * porque a vossa lei é a minha meditação.
118	118:78	Confundántur supérbi, quia injúste iniquitátem fecérunt in me: * ego autem exercébor in mandátis tuis.	Envergonhem-se os soberbos, porque injustamente me trataram com iniquidade: * mas eu me exercitarei nos vossos mandamentos.
118	118:79	Convertántur mihi timéntes te: * et qui novérunt testimónia tua.	Voltem-se para mim os que vos temem: * e os que conhecem os vossos testemunhos.
118	118:80	Fiat cor meum immaculátum in justificatiónibus tuis, * ut non confúndar.	Seja o meu coração imaculado nos vossos preceitos, * para eu não ser envergonhado.
118	118:81	(Caph) Defécit in salutáre tuum ánima mea: * et in verbum tuum supersperávi.	A minha alma desfaleceu à espera da vossa salvação: * e pus toda a esperança na vossa palavra.
118	118:82	Defecérunt óculi mei in elóquium tuum, * dicéntes: Quando consoláberis me?	Os meus olhos desfaleceram à espera do que dissestes, * dizendo: Quando me consolareis?
118	118:83	Quia factus sum sicut uter in pruína: * justificatiónes tuas non sum oblítus.	Porque me tornei como um odre na geada: * não esqueci os vossos preceitos.
118	118:84	Quot sunt dies servi tui? * quando fácies de persequéntibus me judícium?	Quantos são os dias do vosso servo? * quando fareis juízo sobre os que me perseguem?
118	118:85	Narravérunt mihi iníqui fabulatiónes: * sed non ut lex tua.	Os iníquos me narraram histórias: * mas não como a vossa lei.
118	118:86	Ómnia mandáta tua véritas: * iníque persecúti sunt me, ádjuva me.	Todos os vossos mandamentos são verdade: * iniquamente me perseguiram, auxiliai-me.
118	118:87	Paulo minus consummavérunt me in terra: * ego autem non derelíqui mandáta tua.	Por pouco não acabaram comigo na terra: * mas eu não abandonei os vossos mandamentos.
118	118:88	Secúndum misericórdiam tuam vivífica me: * et custódiam testimónia oris tui.	Segundo a vossa misericórdia vivificai-me: * e guardarei os testemunhos da vossa boca.
118	118:89	(Lamed) In ætérnum, Dómine, * verbum tuum pérmanet in cælo.	Para sempre, Senhor, * a vossa palavra permanece no céu.
118	118:90	In generatiónem et generatiónem véritas tua: * fundásti terram, et pérmanet.	De geração em geração é a vossa verdade: * fundastes a terra, e ela permanece.
118	118:91	Ordinatióne tua persevérat dies: * quóniam ómnia sérviunt tibi.	Pela vossa ordem o dia permanece: * porque todas as coisas vos servem.
118	118:92	Nisi quod lex tua meditátio mea est: * tunc forte periíssem in humilitáte mea.	Se a minha meditação não fosse a vossa lei: * então talvez eu tivesse perecido na minha humilhação.
118	118:93	In ætérnum non oblivíscar justificatiónes tuas: * quia in ipsis vivificásti me.	Para sempre não esquecerei os vossos preceitos: * porque neles me vivificastes.
118	118:94	Tuus sum ego, salvum me fac: * quóniam justificatiónes tuas exquisívi.	Eu sou vosso, salvai-me: * porque procurei os vossos preceitos.
118	118:95	Me exspectavérunt peccatóres ut pérderent me: * testimónia tua intelléxi.	Os pecadores me aguardaram para me fazer perecer: * entendi os vossos testemunhos.
118	118:96	Omnis consummatiónis vidi finem: * latum mandátum tuum nimis.	Vi o fim de toda perfeição: * o vosso mandamento é muito amplo.
118	118:97	(Mem) Quómodo diléxi legem tuam, Dómine? * tota die meditátio mea est.	Como amei a vossa lei, Senhor! * o dia todo ela é a minha meditação.
118	118:98	Super inimícos meos prudéntem me fecísti mandáto tuo: * quia in ætérnum mihi est.	Pelo vosso mandamento me fizestes mais prudente que os meus inimigos: * porque ele é meu para sempre.
118	118:99	Super omnes docéntes me intelléxi: * quia testimónia tua meditátio mea est.	Entendi mais que todos os que me ensinam: * porque os vossos testemunhos são a minha meditação.
118	118:100	Super senes intelléxi: * quia mandáta tua quæsívi.	Entendi mais que os anciãos: * porque busquei os vossos mandamentos.
118	118:101	Ab omni via mala prohíbui pedes meos: * ut custódiam verba tua.	Retive os meus pés de todo caminho mau: * para guardar as vossas palavras.
118	118:102	A judíciis tuis non declinávi: * quia tu legem posuísti mihi.	Não me apartei dos vossos juízos: * porque vós me impusestes uma lei.
118	118:103	Quam dúlcia fáucibus meis elóquia tua, * super mel ori meo!	Como é doce à minha garganta o que dissestes, * mais que o mel à minha boca!
118	118:104	A mandátis tuis intelléxi: * proptérea odívi omnem viam iniquitátis.	Pelos vossos mandamentos entendi: * por isso odiei todo caminho de iniquidade.
118	118:105	(Nun) Lucérna pédibus meis verbum tuum, * et lumen sémitis meis.	Lâmpada para os meus pés é a vossa palavra, * e luz para as minhas veredas.
118	118:106	Jurávi, et státui * custodíre judícia justítiæ tuæ.	Jurei, e resolvi * guardar os juízos da vossa justiça.
118	118:107	Humiliátus sum usquequáque, Dómine: * vivífica me secúndum verbum tuum.	Fui de todo humilhado, Senhor: * vivificai-me segundo a vossa palavra.
118	118:108	Voluntária oris mei beneplácita fac, Dómine: * et judícia tua doce me.	Fazei que vos agradem, Senhor, as ofertas voluntárias da minha boca: * e ensinai-me os vossos juízos.
118	118:109	Ánima mea in mánibus meis semper: * et legem tuam non sum oblítus.	A minha alma está sempre nas minhas mãos: * e não esqueci a vossa lei.
118	118:110	Posuérunt peccatóres láqueum mihi: * et de mandátis tuis non errávi.	Os pecadores puseram um laço para mim: * e não me extraviei dos vossos mandamentos.
118	118:111	Hereditáte acquisívi testimónia tua in ætérnum: * quia exsultátio cordis mei sunt.	Adquiri para sempre por herança os vossos testemunhos: * porque são a exultação do meu coração.
118	118:112	Inclinávi cor meum ad faciéndas justificatiónes tuas in ætérnum, * propter retributiónem.	Inclinei o meu coração para cumprir os vossos preceitos para sempre, * por causa da retribuição.
118	118:113	(Samech) Iníquos ódio hábui: * et legem tuam diléxi.	Aos iníquos tive ódio: * e amei a vossa lei.
118	118:114	Adjútor et suscéptor meus es tu: * et in verbum tuum supersperávi.	Vós sois o meu auxílio e o meu amparo: * e pus toda a esperança na vossa palavra.
118	118:115	Declináte a me, malígni: * et scrutábor mandáta Dei mei.	Apartai-vos de mim, malvados: * e sondarei os mandamentos do meu Deus.
118	118:116	Súscipe me secúndum elóquium tuum, et vivam: * et non confúndas me ab exspectatióne mea.	Amparai-me segundo o que dissestes, e viverei: * e não me envergonheis pelo que aguardo.
118	118:117	Ádjuva me, et salvus ero: * et meditábor in justificatiónibus tuis semper.	Auxiliai-me, e serei salvo: * e meditarei sempre nos vossos preceitos.
118	118:118	Sprevísti omnes discedéntes a judíciis tuis: * quia injústa cogitátio eórum.	Desprezastes todos os que se afastam dos vossos juízos: * porque o pensamento deles é injusto.
118	118:119	Prævaricántes reputávi omnes peccatóres terræ: * ídeo diléxi testimónia tua.	Tive por transgressores todos os pecadores da terra: * por isso amei os vossos testemunhos.
118	118:120	Confíge timóre tuo carnes meas: * a judíciis enim tuis tímui.	Traspassai com o vosso temor as minhas carnes: * pois temi os vossos juízos.
118	118:121	(Ain) Feci judícium et justítiam: * non tradas me calumniántibus me.	Pratiquei o juízo e a justiça: * não me entregueis aos que me caluniam.
118	118:122	Súscipe servum tuum in bonum: * non calumniéntur me supérbi.	Amparai o vosso servo para o bem: * não me caluniem os soberbos.
118	118:123	Óculi mei defecérunt in salutáre tuum: * et in elóquium justítiæ tuæ.	Os meus olhos desfaleceram à espera da vossa salvação: * e à espera do dito da vossa justiça.
118	118:124	Fac cum servo tuo secúndum misericórdiam tuam: * et justificatiónes tuas doce me.	Tratai o vosso servo segundo a vossa misericórdia: * e ensinai-me os vossos preceitos.
118	118:125	Servus tuus sum ego: * da mihi intelléctum, ut sciam testimónia tua.	Eu sou o vosso servo: * dai-me entendimento, para que eu conheça os vossos testemunhos.
118	118:126	Tempus faciéndi, Dómine: * dissipavérunt legem tuam.	É tempo de agir, Senhor: * dissiparam a vossa lei.
118	118:127	Ídeo diléxi mandáta tua, * super aurum et topázion.	Por isso amei os vossos mandamentos, * mais que o ouro e o topázio.
118	118:128	Proptérea ad ómnia mandáta tua dirigébar: * omnem viam iníquam ódio hábui.	Por isso eu era dirigido para todos os vossos mandamentos: * a todo caminho iníquo tive ódio.
118	118:129	(Phe) Mirabília testimónia tua: * ídeo scrutáta est ea ánima mea.	Maravilhosos são os vossos testemunhos: * por isso a minha alma os sondou.
118	118:130	Declarátio sermónum tuórum illúminat: * et intelléctum dat párvulis.	A explicação das vossas palavras ilumina: * e dá entendimento aos pequeninos.
118	118:131	Os meum apérui, et attráxi spíritum: * quia mandáta tua desiderábam.	Abri a minha boca, e aspirei o ar: * porque eu desejava os vossos mandamentos.
118	118:132	Áspice in me, et miserére mei, * secúndum judícium diligéntium nomen tuum.	Olhai para mim, e tende piedade de mim, * segundo o juízo dos que amam o vosso nome.
118	118:133	Gressus meos dírige secúndum elóquium tuum: * et non dominétur mei omnis injustítia.	Endireitai os meus passos segundo o que dissestes: * e não me domine injustiça alguma.
118	118:134	Rédime me a calúmniis hóminum: * ut custódiam mandáta tua.	Resgatai-me das calúnias dos homens: * para que eu guarde os vossos mandamentos.
118	118:135	Fáciem tuam illúmina super servum tuum: * et doce me justificatiónes tuas.	Iluminai a vossa face sobre o vosso servo: * e ensinai-me os vossos preceitos.
118	118:136	Éxitus aquárum deduxérunt óculi mei: * quia non custodiérunt legem tuam.	Os meus olhos verteram nascentes de água: * porque não guardaram a vossa lei.
118	118:137	(Sade) Justus es, Dómine: * et rectum judícium tuum.	Vós sois justo, Senhor: * e o vosso juízo é reto.
118	118:138	Mandásti justítiam testimónia tua: * et veritátem tuam nimis.	Ordenastes como justiça os vossos testemunhos: * e a vossa verdade sem medida.
118	118:139	Tabéscere me fecit zelus meus: * quia oblíti sunt verba tua inimíci mei.	O meu zelo me fez definhar: * porque os meus inimigos esqueceram as vossas palavras.
118	118:140	Ignítum elóquium tuum veheménter: * et servus tuus diléxit illud.	O que dissestes está todo em brasa: * e o vosso servo o amou.
118	118:141	Adolescéntulus sum ego et contémptus: * justificatiónes tuas non sum oblítus.	Eu sou muito jovem e desprezado: * não esqueci os vossos preceitos.
118	118:142	Justítia tua, justítia in ætérnum: * et lex tua véritas.	A vossa justiça é justiça para sempre: * e a vossa lei é verdade.
118	118:143	Tribulátio, et angústia invenérunt me: * mandáta tua meditátio mea est.	A tribulação e a angústia me encontraram: * os vossos mandamentos são a minha meditação.
118	118:144	Ǽquitas testimónia tua in ætérnum: * intelléctum da mihi, et vivam.	Os vossos testemunhos são equidade para sempre: * dai-me entendimento, e viverei.
118	118:145	(Coph) Clamávi in toto corde meo, exáudi me, Dómine: * justificatiónes tuas requíram.	Clamei de todo o meu coração, escutai-me, Senhor: * procurarei os vossos preceitos.
118	118:146	Clamávi ad te, salvum me fac: * ut custódiam mandáta tua.	Clamei a vós, salvai-me: * para que eu guarde os vossos mandamentos.
118	118:147	Prævéni in maturitáte, et clamávi: * quia in verba tua supersperávi.	Adiantei-me bem cedo, e clamei: * porque pus toda a esperança nas vossas palavras.
118	118:148	Prævenérunt óculi mei ad te dilúculo: * ut meditárer elóquia tua.	Os meus olhos se adiantaram para vós ao amanhecer: * para eu meditar no que dissestes.
118	118:149	Vocem meam audi secúndum misericórdiam tuam, Dómine: * et secúndum judícium tuum vivífica me.	Escutai a minha voz segundo a vossa misericórdia, Senhor: * e segundo o vosso juízo vivificai-me.
118	118:150	Appropinquavérunt persequéntes me iniquitáti: * a lege autem tua longe facti sunt.	Os que me perseguem aproximaram-se da iniquidade: * mas da vossa lei ficaram longe.
118	118:151	Prope es tu, Dómine: * et omnes viæ tuæ véritas.	Perto estais vós, Senhor: * e todos os vossos caminhos são verdade.
118	118:152	Inítio cognóvi de testimóniis tuis: * quia in ætérnum fundásti ea.	Desde o início soube dos vossos testemunhos: * que os fundastes para sempre.
118	118:153	(Res) Vide humilitátem meam, et éripe me: * quia legem tuam non sum oblítus.	Vede a minha humilhação, e libertai-me: * porque não esqueci a vossa lei.
118	118:154	Júdica judícium meum, et rédime me: * propter elóquium tuum vivífica me.	Julgai em juízo a minha causa, e resgatai-me: * pelo que dissestes vivificai-me.
118	118:155	Longe a peccatóribus salus: * quia justificatiónes tuas non exquisiérunt.	Longe dos pecadores está a salvação: * porque não procuraram os vossos preceitos.
118	118:156	Misericórdiæ tuæ multæ, Dómine: * secúndum judícium tuum vivífica me.	Muitas são as vossas misericórdias, Senhor: * segundo o vosso juízo vivificai-me.
118	118:157	Multi qui persequúntur me, et tríbulant me: * a testimóniis tuis non declinávi.	Muitos são os que me perseguem e me atribulam: * não me apartei dos vossos testemunhos.
118	118:158	Vidi prævaricántes, et tabescébam: * quia elóquia tua non custodiérunt.	Vi os transgressores, e definhava: * porque não guardaram o que dissestes.
118	118:159	Vide quóniam mandáta tua diléxi, Dómine: * in misericórdia tua vivífica me.	Vede que amei os vossos mandamentos, Senhor: * na vossa misericórdia vivificai-me.
118	118:160	Princípium verbórum tuórum, véritas: * in ætérnum ómnia judícia justítiæ tuæ.	O princípio das vossas palavras é verdade: * todos os juízos da vossa justiça são para sempre.
118	118:161	(Sin) Príncipes persecúti sunt me gratis: * et a verbis tuis formidávit cor meum.	Os príncipes me perseguiram sem motivo: * e o meu coração teve pavor das vossas palavras.
118	118:162	Lætábor ego super elóquia tua: * sicut qui invénit spólia multa.	Eu me alegrarei com o que dissestes: * como quem encontrou muitos despojos.
118	118:163	Iniquitátem ódio hábui, et abominátus sum: * legem autem tuam diléxi.	Odiei e abominei a iniquidade: * mas amei a vossa lei.
118	118:164	Sépties in die laudem dixi tibi, * super judícia justítiæ tuæ.	Sete vezes por dia vos dei louvor, * pelos juízos da vossa justiça.
118	118:165	Pax multa diligéntibus legem tuam: * et non est illis scándalum.	Muita paz têm os que amam a vossa lei: * e não há para eles tropeço.
118	118:166	Exspectábam salutáre tuum, Dómine: * et mandáta tua diléxi.	Eu aguardava a vossa salvação, Senhor: * e amei os vossos mandamentos.
118	118:167	Custodívit ánima mea testimónia tua: * et diléxit ea veheménter.	A minha alma guardou os vossos testemunhos: * e os amou muito.
118	118:168	Servávi mandáta tua, et testimónia tua: * quia omnes viæ meæ in conspéctu tuo.	Observei os vossos mandamentos e os vossos testemunhos: * porque todos os meus caminhos estão na vossa presença.
118	118:169	(Thau) Appropínquet deprecátio mea in conspéctu tuo, Dómine: * juxta elóquium tuum da mihi intelléctum.	Aproxime-se a minha prece da vossa presença, Senhor: * conforme o que dissestes dai-me entendimento.
118	118:170	Intret postulátio mea in conspéctu tuo: * secúndum elóquium tuum éripe me.	Entre o meu pedido na vossa presença: * segundo o que dissestes libertai-me.
118	118:171	Eructábunt lábia mea hymnum, * cum docúeris me justificatiónes tuas.	Os meus lábios farão jorrar um hino, * quando me ensinardes os vossos preceitos.
118	118:172	Pronuntiábit lingua mea elóquium tuum: * quia ómnia mandáta tua ǽquitas.	A minha língua pronunciará o que dissestes: * porque todos os vossos mandamentos são equidade.
118	118:173	Fiat manus tua ut salvet me: * quóniam mandáta tua elégi.	Seja a vossa mão para me salvar: * porque escolhi os vossos mandamentos.
118	118:174	Concupívi salutáre tuum, Dómine: * et lex tua meditátio mea est.	Ansiei pela vossa salvação, Senhor: * e a vossa lei é a minha meditação.
118	118:175	Vivet ánima mea, et laudábit te: * et judícia tua adjuvábunt me.	A minha alma viverá, e vos louvará: * e os vossos juízos me hão de auxiliar.
118	118:176	Errávi, sicut ovis, quæ périit: * quære servum tuum, quia mandáta tua non sum oblítus.	Extraviei-me como ovelha que se perdeu: * buscai o vosso servo, porque não esqueci os vossos mandamentos.
133	133:1a	Ecce nunc benedícite Dóminum, * omnes servi Dómini:	Eis agora, bendizei o Senhor, * todos os servos do Senhor:
133	133:1b	Qui statis in domo Dómini, * in átriis domus Dei nostri.	Que estais de pé na casa do Senhor, * nos átrios da casa do nosso Deus.
133	133:2	In nóctibus extóllite manus vestras in sancta, * et benedícite Dóminum.	Durante as noites erguei as vossas mãos para o lugar santo, * e bendizei o Senhor.
133	133:3	Benedícat te Dóminus ex Sion, * qui fecit cælum et terram.	O Senhor te bendiga de Sião, * ele que fez o céu e a terra.
233	2:29	Nunc dimíttis + servum tuum, Dómine, * secúndum verbum tuum in pace:	Agora deixais ir + o vosso servo, Senhor, * segundo a vossa palavra, em paz:
233	2:30	Quia vidérunt óculi mei * salutáre tuum,	Porque os meus olhos viram * a vossa salvação,
233	2:31	Quod parásti * ante fáciem ómnium populórum,	Que preparastes * diante da face de todos os povos,
233	2:32	Lumen ad revelatiónem géntium, * et glóriam plebis tuæ Israël.	Luz para a revelação das nações, * e glória do vosso povo Israel.
